/****************************************************************************
** Resource object code
**
** Created by: The Resource Compiler for Qt version 6.8.3
**
** WARNING! All changes made in this file will be lost!
*****************************************************************************/

#ifdef _MSC_VER
// disable informational message "function ... selected for automatic inline expansion"
#pragma warning (disable: 4711)
#endif

static const unsigned char qt_resource_data[] = {
  // ForecastCell.qml
  0x0,0x0,0x1,0xf7,
  0x69,
  0x6d,0x70,0x6f,0x72,0x74,0x20,0x51,0x74,0x51,0x75,0x69,0x63,0x6b,0x20,0x32,0x2e,
  0x31,0x35,0xd,0xa,0x69,0x6d,0x70,0x6f,0x72,0x74,0x20,0x51,0x74,0x51,0x75,0x69,
  0x63,0x6b,0x2e,0x43,0x6f,0x6e,0x74,0x72,0x6f,0x6c,0x73,0x20,0x32,0x2e,0x31,0x35,
  0xd,0xa,0x69,0x6d,0x70,0x6f,0x72,0x74,0x20,0x51,0x74,0x51,0x75,0x69,0x63,0x6b,
  0x2e,0x4c,0x61,0x79,0x6f,0x75,0x74,0x73,0x20,0x31,0x2e,0x31,0x35,0xd,0xa,0xd,
  0xa,0x2f,0x2f,0x20,0xe9,0xa2,0x84,0xe6,0x8a,0xa5,0xe5,0x8d,0x95,0xe5,0x85,0x83,
  0xe6,0xa0,0xbc,0xe7,0xbb,0x84,0xe4,0xbb,0xb6,0x20,0x2d,0x20,0xe6,0x96,0xb0,0xe8,
  0xae,0xbe,0xe8,0xae,0xa1,0xe9,0xa3,0x8e,0xe6,0xa0,0xbc,0xd,0xa,0x4c,0x61,0x62,
  0x65,0x6c,0x20,0x7b,0xd,0xa,0x20,0x20,0x20,0x20,0x69,0x64,0x3a,0x20,0x66,0x6f,
  0x72,0x65,0x63,0x61,0x73,0x74,0x43,0x65,0x6c,0x6c,0x52,0x6f,0x6f,0x74,0xd,0xa,
  0xd,0xa,0x20,0x20,0x20,0x20,0x70,0x72,0x6f,0x70,0x65,0x72,0x74,0x79,0x20,0x73,
  0x74,0x72,0x69,0x6e,0x67,0x20,0x63,0x65,0x6c,0x6c,0x54,0x65,0x78,0x74,0x3a,0x20,
  0x22,0x22,0xd,0xa,0xd,0xa,0x20,0x20,0x20,0x20,0x4c,0x61,0x79,0x6f,0x75,0x74,
  0x2e,0x66,0x69,0x6c,0x6c,0x57,0x69,0x64,0x74,0x68,0x3a,0x20,0x74,0x72,0x75,0x65,
  0xd,0xa,0x20,0x20,0x20,0x20,0x4c,0x61,0x79,0x6f,0x75,0x74,0x2e,0x61,0x6c,0x69,
  0x67,0x6e,0x6d,0x65,0x6e,0x74,0x3a,0x20,0x51,0x74,0x2e,0x41,0x6c,0x69,0x67,0x6e,
  0x56,0x43,0x65,0x6e,0x74,0x65,0x72,0xd,0xa,0x20,0x20,0x20,0x20,0x74,0x65,0x78,
  0x74,0x3a,0x20,0x66,0x6f,0x72,0x65,0x63,0x61,0x73,0x74,0x43,0x65,0x6c,0x6c,0x52,
  0x6f,0x6f,0x74,0x2e,0x63,0x65,0x6c,0x6c,0x54,0x65,0x78,0x74,0xd,0xa,0x20,0x20,
  0x20,0x20,0x66,0x6f,0x6e,0x74,0x2e,0x70,0x69,0x78,0x65,0x6c,0x53,0x69,0x7a,0x65,
  0x3a,0x20,0x31,0x32,0xd,0xa,0x20,0x20,0x20,0x20,0x63,0x6f,0x6c,0x6f,0x72,0x3a,
  0x20,0x74,0x68,0x65,0x6d,0x65,0x4d,0x61,0x6e,0x61,0x67,0x65,0x72,0x20,0x3f,0x20,
  0x74,0x68,0x65,0x6d,0x65,0x4d,0x61,0x6e,0x61,0x67,0x65,0x72,0x2e,0x74,0x65,0x78,
  0x74,0x43,0x6f,0x6c,0x6f,0x72,0x20,0x3a,0x20,0x22,0x23,0x31,0x41,0x32,0x41,0x33,
  0x41,0x22,0xd,0xa,0x20,0x20,0x20,0x20,0x68,0x6f,0x72,0x69,0x7a,0x6f,0x6e,0x74,
  0x61,0x6c,0x41,0x6c,0x69,0x67,0x6e,0x6d,0x65,0x6e,0x74,0x3a,0x20,0x54,0x65,0x78,
  0x74,0x2e,0x41,0x6c,0x69,0x67,0x6e,0x48,0x43,0x65,0x6e,0x74,0x65,0x72,0xd,0xa,
  0x20,0x20,0x20,0x20,0x65,0x6c,0x69,0x64,0x65,0x3a,0x20,0x54,0x65,0x78,0x74,0x2e,
  0x45,0x6c,0x69,0x64,0x65,0x52,0x69,0x67,0x68,0x74,0xd,0xa,0xd,0xa,0x20,0x20,
  0x20,0x20,0x70,0x72,0x6f,0x70,0x65,0x72,0x74,0x79,0x20,0x76,0x61,0x72,0x20,0x74,
  0x68,0x65,0x6d,0x65,0x4d,0x61,0x6e,0x61,0x67,0x65,0x72,0x3a,0x20,0x6e,0x75,0x6c,
  0x6c,0xd,0xa,0x7d,0xd,0xa,
    // MainPage.qml
  0x0,0x0,0x26,0x75,
  0x0,
  0x1,0x1b,0xc0,0x78,0xda,0xed,0x7d,0x7b,0x73,0x13,0x47,0xb6,0xf8,0xff,0x5b,0xb5,
  0xdf,0x61,0xa2,0x5b,0x37,0x25,0xc5,0xb6,0x90,0x64,0xc9,0x36,0x76,0xc8,0x96,0x31,
  0xcb,0xd,0xfb,0xb,0x4,0x62,0x2a,0xb9,0x5b,0x14,0x75,0x6b,0x90,0xc6,0xf6,0x14,
  0xd2,0x8c,0x18,0x8d,0x30,0x4e,0xd6,0x55,0x4,0x96,0x80,0xc1,0x6,0x12,0x20,0x26,
  0xd8,0xc4,0x90,0x40,0x70,0xd8,0xc2,0x90,0x84,0x4,0x30,0xc6,0x54,0xdd,0xf,0x70,
  0x3f,0xc4,0x2d,0xcf,0xc8,0xfa,0x8b,0xfb,0x11,0x7e,0xa7,0xbb,0xe7,0xad,0x79,0xf4,
  0x8c,0x24,0xf3,0xb2,0x8a,0xc2,0x23,0xcd,0xe9,0xd7,0xe9,0xd3,0xe7,0xd9,0xdd,0x87,
  0x2f,0x95,0x45,0x49,0x66,0xf6,0xc9,0xfb,0xaa,0x7c,0xfe,0x30,0x93,0x49,0xa6,0x73,
  0x7f,0xfe,0x13,0x6f,0xfb,0x31,0x39,0x24,0xa,0xb2,0x24,0x16,0x2b,0xee,0x6f,0x3f,
  0x62,0x27,0xc4,0xaa,0x5c,0x61,0xd2,0xf8,0xe5,0x9f,0xff,0xb4,0x65,0xb,0xb3,0xf6,
  0xf8,0x69,0xfd,0xe6,0xef,0xf5,0xeb,0x3f,0x30,0x5d,0x8c,0x72,0x61,0x1a,0x1e,0xd4,
  0xeb,0xcf,0xd7,0x97,0x56,0xd7,0x97,0x6e,0xbe,0x58,0xb9,0x56,0xbf,0xf9,0x47,0xfd,
  0xe4,0xa2,0x7a,0x71,0xbe,0xf6,0xf0,0x7,0xf5,0xc6,0x5,0xa6,0x83,0x51,0x1e,0xfd,
  0xb4,0xb6,0x7a,0x47,0xb9,0xf5,0xb3,0xfa,0xe0,0xb2,0x32,0x73,0xb3,0x36,0x75,0x1a,
  0xfd,0x78,0xe1,0x37,0xf8,0x71,0xfd,0xfe,0x4f,0xea,0xc9,0x53,0x7f,0xfe,0xd3,0x5e,
  0x76,0x94,0x63,0xbe,0xf8,0xf3,0x9f,0x18,0xf8,0xf0,0x85,0x7e,0xa6,0xc4,0xf2,0x2,
  0xfa,0xd,0xb5,0x88,0x7e,0x2b,0x4b,0x62,0x99,0x93,0xe4,0x9,0xe6,0x28,0x2b,0x31,
  0xf2,0x18,0x57,0xe2,0x76,0xb3,0x2,0xbc,0x97,0xfa,0x19,0xa1,0x5a,0x2c,0xea,0x60,
  0xd0,0x39,0xf5,0xca,0x3,0x75,0x66,0x49,0x5d,0xbc,0xa9,0x7c,0x7f,0xce,0xa5,0x6c,
  0x9e,0x97,0x79,0xae,0xd2,0xcf,0x1c,0x38,0xe8,0xf2,0x52,0x10,0xc7,0x3f,0xe3,0x58,
  0xa8,0x1e,0xaa,0x8d,0x7f,0x31,0x99,0x70,0x1,0x19,0x11,0x25,0x2e,0xcf,0x56,0x64,
  0x97,0x1a,0x78,0x41,0x36,0x5e,0x7f,0xca,0x49,0x15,0x5e,0x14,0xfa,0x99,0x94,0xa5,
  0x6b,0xf5,0xef,0x66,0xd4,0x7,0xf,0x95,0xb9,0xd5,0xf5,0x9b,0x8b,0xa4,0x9b,0x2f,
  0x56,0xce,0xac,0x3d,0x3d,0x6f,0x94,0x62,0x0,0x83,0xb5,0xa5,0xd9,0x17,0x2b,0x53,
  0x2e,0x2d,0x97,0x1,0x86,0x2f,0xef,0x60,0x65,0xb6,0x5f,0xc7,0x14,0xfa,0xa0,0x57,
  0xff,0x75,0x94,0xd9,0xe6,0x6c,0x7a,0xc0,0xe,0x52,0xe4,0xa1,0xfa,0x6d,0xd0,0x69,
  0xc7,0xef,0xe3,0x1c,0x77,0x78,0x7,0x3b,0x51,0x41,0xef,0x62,0xea,0xec,0xed,0x58,
  0x27,0x13,0x5b,0x7b,0x7c,0x1c,0xff,0x59,0x9e,0x26,0xdf,0xa6,0xd0,0x1f,0x65,0x6e,
  0x8e,0xfc,0x78,0x19,0x7f,0x3b,0x75,0x2f,0x66,0xad,0xa,0x1a,0x67,0xe2,0xa8,0x3e,
  0x1e,0x2a,0x4a,0xd,0xc0,0x9f,0xf7,0x99,0xdd,0x80,0xc9,0x64,0x89,0x17,0xe2,0xbd,
  0x9d,0x46,0xe7,0x92,0x45,0x4e,0x18,0x95,0xc7,0x12,0x0,0xd1,0xd1,0x91,0xb0,0x8e,
  0x43,0xef,0xd0,0x88,0x65,0x28,0x7,0x78,0x6b,0x1b,0x3a,0x44,0x1,0x20,0x4,0x6e,
  0x9c,0x1,0x54,0x70,0xf1,0x91,0xe4,0xc8,0x31,0xf4,0x90,0x70,0x3,0x64,0x27,0xf6,
  0xb0,0x25,0xe,0xc0,0xf9,0xca,0x1e,0x76,0x4f,0xbc,0x90,0x1c,0xe5,0xe4,0xfd,0x7c,
  0x89,0x8b,0x27,0x12,0xcc,0x5f,0x98,0xd8,0x8e,0x18,0xd0,0x61,0x9c,0xef,0x48,0x27,
  0x98,0x7e,0x3,0x11,0x7,0x30,0x14,0x3c,0xc5,0x13,0x6e,0x8d,0x93,0x59,0xf8,0x94,
  0x2d,0x42,0xad,0x65,0x56,0xaa,0x70,0x3b,0x8b,0x22,0x2b,0x43,0x37,0xc8,0x8b,0x4,
  0xf3,0x8f,0x7f,0xc0,0xf8,0xed,0xe5,0x10,0xee,0x93,0xe5,0x6a,0x65,0x2c,0xee,0x18,
  0x2f,0xfa,0x40,0x27,0xfb,0xf5,0x9e,0x76,0x36,0xbe,0x26,0xd5,0xf6,0x9b,0xed,0xba,
  0xc0,0x8c,0x55,0x4b,0x7c,0x81,0x97,0xa1,0x1e,0xdc,0xa3,0x5d,0x2,0xea,0x8f,0xfe,
  0x23,0xe9,0x91,0x4b,0x29,0x99,0x3b,0x86,0x86,0xd9,0xcf,0x8c,0x24,0xb5,0x47,0x4,
  0x19,0x8b,0xd9,0x21,0x27,0xad,0x88,0x9d,0x34,0x1f,0x25,0x4e,0xae,0x4a,0x2,0x1e,
  0x9a,0x6,0x30,0xe9,0xa0,0x59,0x89,0x3,0x24,0x95,0xd8,0x63,0x7b,0xb5,0x11,0x38,
  0x68,0xb6,0x74,0xc,0x53,0x8a,0x3f,0x9,0x99,0x34,0xaf,0x11,0xe,0xa1,0x1b,0x7b,
  0x17,0xf9,0x11,0x26,0x6e,0x2,0x2,0xcd,0x68,0x73,0xc1,0x7c,0x0,0x8d,0x24,0x48,
  0x43,0x6e,0xef,0x7,0x1a,0x46,0x3,0xa0,0x1f,0x30,0x29,0x20,0xd,0x78,0xe8,0x67,
  0xd2,0x29,0x8f,0x91,0x1d,0x12,0xc5,0x22,0x33,0xc6,0x56,0x76,0x6a,0x64,0x4a,0xd6,
  0xa4,0xb1,0x88,0xdf,0x7d,0xd7,0x49,0xee,0xa8,0x56,0x97,0x15,0xcd,0xf2,0xd2,0xbe,
  0x2a,0x5b,0xc4,0x33,0xe7,0xc1,0x6e,0xc6,0x9,0x3b,0xda,0x25,0x14,0xb8,0x63,0x1e,
  0x4c,0x6b,0x9c,0x95,0x4,0x5e,0x18,0x75,0xe3,0x69,0x15,0x59,0x82,0x37,0xf0,0x87,
  0x95,0xab,0x95,0xfd,0x30,0xc9,0xfd,0x4c,0x6c,0x7d,0xf5,0x92,0x72,0xea,0xb6,0xb2,
  0x70,0x5e,0x79,0x7c,0x42,0xb9,0x38,0x53,0xbb,0xf3,0x80,0xb0,0xea,0x98,0x7b,0xd9,
  0x7c,0x55,0x92,0x38,0x41,0x1e,0x82,0x4e,0x22,0xa,0xed,0x37,0x8,0xc4,0x3e,0xcf,
  0x16,0xb0,0x8f,0x34,0xb6,0xe7,0xf,0xc4,0xca,0x8d,0x40,0x18,0xaf,0x95,0x31,0x71,
  0x7c,0x98,0x63,0xa5,0xfc,0xd8,0x27,0x5c,0xa5,0x5a,0x94,0x61,0x5c,0x23,0x6c,0xb1,
  0xc2,0x99,0x93,0x65,0x1b,0xfd,0x98,0x88,0xea,0x3,0x96,0x3e,0x24,0x8a,0x52,0x61,
  0x37,0x5b,0x26,0xa8,0xc4,0xfc,0x16,0x78,0xfd,0xc4,0xae,0x2,0xd3,0xf5,0x1,0xf3,
  0x45,0x51,0x14,0x3a,0x99,0x22,0x2b,0x4f,0x32,0xb5,0x93,0xf7,0xea,0xb3,0x8b,0xda,
  0xf8,0xaf,0x5f,0x54,0x6f,0x9c,0xae,0xad,0x5c,0x52,0xee,0x5d,0xd5,0xf9,0xf4,0x47,
  0x40,0xd1,0xbb,0xc5,0x2,0x57,0xb4,0x12,0x2c,0x12,0x49,0x15,0xdc,0x29,0xe3,0xb5,
  0x41,0x1a,0xe4,0xe1,0x10,0x9b,0x3f,0x3c,0x2a,0x89,0x55,0x1,0x20,0x3f,0xe1,0xf2,
  0x32,0x2b,0x8c,0x16,0x39,0x6b,0x15,0x79,0xb1,0x28,0x82,0x58,0x89,0xfd,0x5b,0x26,
  0x9d,0xe9,0xed,0x4e,0xc5,0x1c,0xe5,0x89,0x58,0x55,0xbe,0x3a,0xa5,0x2c,0x3d,0x51,
  0xa6,0x97,0x95,0xef,0x4f,0xd4,0xe6,0x1e,0xaa,0x4f,0xaf,0x29,0x67,0x17,0x9,0xc0,
  0xce,0x22,0x48,0x63,0xf6,0x90,0xbd,0x52,0x5d,0x54,0x1a,0x2f,0xcd,0x57,0xac,0x90,
  0x1f,0x13,0xa5,0x4a,0x72,0x84,0x2f,0x16,0x31,0x63,0x0,0xcc,0x5b,0x7b,0x23,0xc8,
  0xf0,0xc3,0x87,0x1c,0x3f,0x3a,0x26,0x93,0x3a,0x86,0xc4,0x62,0xb5,0x24,0x24,0x41,
  0xfc,0x43,0x65,0xbc,0xf6,0xca,0x2c,0x71,0x8,0x8d,0xad,0xb2,0x9d,0x1b,0x63,0x8f,
  0xf2,0x68,0x20,0x46,0x93,0xc9,0x61,0x59,0x2c,0xf,0xca,0xdb,0xf1,0x7b,0x4b,0xb,
  0x45,0xb4,0xe8,0x65,0xa9,0x6a,0xe9,0xd3,0x88,0x5e,0x66,0x7,0xf,0xeb,0x43,0xc6,
  0x2,0xd2,0xac,0x7,0x4,0x97,0xcc,0xe7,0xd9,0x22,0xfe,0xc5,0x2c,0x34,0x9c,0x7,
  0xe5,0xa4,0xb8,0x9d,0x95,0x92,0x47,0x35,0x80,0x7e,0xf3,0x37,0xa7,0x4,0x29,0x8b,
  0x50,0x78,0xc2,0x2,0x90,0x1c,0xac,0xec,0xe1,0xb8,0x2,0x57,0xb0,0xc3,0x8d,0xf3,
  0x5,0x79,0xac,0x9f,0xe9,0xb1,0xf1,0x36,0xf3,0xb,0x12,0xd6,0x2b,0x37,0x80,0x36,
  0x60,0x6,0xd6,0x9f,0x2d,0xa9,0x97,0xef,0xab,0xd3,0x5f,0x9a,0xaf,0x77,0x8b,0xd5,
  0xa,0x37,0x8,0x34,0xed,0x6c,0xde,0x1f,0xe9,0x18,0x22,0x9f,0xe7,0xca,0x32,0x57,
  0xd8,0x5e,0x95,0x65,0x51,0x0,0xe2,0xde,0x27,0x27,0xf7,0x88,0xe4,0x9b,0x1d,0x52,
  0x14,0x3e,0x1b,0xe3,0x38,0xa8,0x66,0xa4,0x2a,0x60,0x5c,0xc5,0xc7,0xd1,0xf7,0x6,
  0xa1,0x69,0x48,0xbb,0x9,0xe0,0x73,0x18,0x24,0x89,0x89,0x6f,0x7,0x57,0x4,0xb6,
  0x39,0x31,0xd0,0x8,0x8d,0x18,0x26,0x40,0xbf,0xb3,0xd,0xf8,0xac,0x6b,0x75,0xe8,
  0x63,0x23,0xab,0xa4,0x46,0x2f,0x7f,0x87,0x26,0x88,0x58,0x67,0x8f,0xc5,0xdd,0x84,
  0x8a,0x81,0x21,0x5d,0xf6,0x7b,0x54,0xd3,0x5,0xdd,0xf5,0x29,0xee,0xdf,0xb,0x42,
  0x9a,0x50,0x87,0xfd,0xed,0x18,0xfe,0x39,0x91,0x70,0x19,0xf1,0xa4,0x43,0xa8,0x79,
  0x4c,0x3b,0x59,0x2,0x4e,0x8c,0xe8,0x8b,0x8c,0xbc,0x75,0xa5,0x23,0x32,0xd3,0x49,
  0xfc,0xcd,0xe,0x50,0x29,0xb3,0x79,0xe0,0xa3,0x16,0x45,0x50,0xa3,0xaf,0x6d,0xc6,
  0x87,0x71,0x68,0xcc,0xa0,0x14,0x2a,0x33,0x57,0xd6,0x6f,0x4e,0x83,0x1e,0x68,0x1,
  0x33,0x4b,0xbb,0xf2,0x17,0xaa,0xde,0x8c,0x69,0xeb,0x3d,0x97,0xb1,0xff,0xde,0xc8,
  0x9c,0xec,0xef,0x3f,0x11,0xc7,0x89,0x1d,0xe0,0x46,0x2d,0xc1,0x44,0x6f,0x85,0x2a,
  0x72,0x23,0xf2,0x6e,0x56,0x1a,0xe5,0x61,0xed,0x67,0x52,0xde,0x70,0x12,0xea,0xa9,
  0x1f,0xa0,0x81,0xd9,0x74,0xca,0xd9,0x5d,0xf4,0x41,0xe2,0x6e,0x27,0xcf,0x15,0xb,
  0x5e,0x4,0x6e,0xf2,0x74,0xc,0xe6,0xe,0x44,0x46,0x8d,0x87,0xf6,0x19,0x41,0xae,
  0x9d,0xa3,0xb9,0xc0,0x82,0x72,0x31,0xc2,0x81,0xa0,0x2b,0xe8,0xcc,0xb5,0x3b,0xeb,
  0xe,0x5f,0x2e,0xb2,0x79,0x6e,0x4c,0x2c,0x16,0x38,0x49,0x93,0xcd,0x84,0x4,0x88,
  0x6c,0x4a,0x26,0x93,0x31,0xf7,0x72,0x23,0xb0,0xa,0x92,0x65,0xfe,0x18,0x57,0x1c,
  0xe6,0x3f,0x7,0x89,0x9c,0xee,0x76,0x87,0xab,0x70,0x45,0x20,0x94,0xed,0x13,0x98,
  0x5b,0xf9,0x75,0x5c,0x14,0x6,0x35,0xae,0x4,0x9a,0xa8,0x48,0x84,0x6f,0x3c,0xe1,
  0xe,0xfb,0xff,0xb8,0x89,0x4a,0x52,0x14,0x40,0xa9,0xab,0x54,0x10,0xbc,0xc1,0x9c,
  0xb8,0xa3,0x30,0xed,0x9e,0xdc,0x44,0x67,0x3b,0x18,0x2a,0x79,0x98,0x9b,0x40,0x84,
  0x8d,0x78,0x1f,0xd4,0xf7,0x5f,0x3b,0xc4,0x71,0x1,0x69,0x4d,0xe,0x9,0xb,0xcb,
  0xbd,0xa,0x26,0x15,0xe8,0x4e,0x9,0x7f,0x4e,0x41,0xca,0xed,0x15,0xcb,0xd5,0x72,
  0x12,0x54,0x3,0x21,0xee,0xc6,0x2,0x5c,0xd8,0x80,0x21,0xda,0x82,0x64,0xb7,0xf3,
  0x23,0xb1,0x5,0xbe,0xa,0xbc,0x3b,0xdd,0xeb,0xd,0x63,0x2e,0x29,0xb6,0x3b,0x93,
  0x4d,0xc5,0xbc,0x21,0xf,0x81,0xe2,0xc2,0x49,0x49,0xa3,0x40,0x37,0x9b,0xcd,0xe5,
  0x72,0xc1,0x5,0xb4,0xd5,0x9e,0xe,0x35,0x56,0xb4,0xfc,0xf6,0xb2,0x85,0x2,0x59,
  0x39,0x1e,0x94,0x69,0x74,0x65,0x27,0xfe,0xc4,0xa8,0xe8,0x77,0x48,0x2f,0xd4,0xc3,
  0xf6,0xe6,0xfa,0xdc,0xfa,0x3f,0xe9,0xb6,0x4e,0x89,0xe8,0xf3,0xc2,0xb6,0x6c,0x5d,
  0x18,0xb1,0xd6,0xac,0x3b,0x27,0xbc,0xb6,0xb0,0x73,0x3d,0xcd,0x2d,0xb7,0xf6,0x52,
  0x51,0x76,0x70,0x6b,0x6a,0xc7,0xd6,0x58,0xa8,0xb9,0xd6,0xc4,0xe5,0x2e,0x99,0x2b,
  0xf5,0xc3,0xa8,0xf,0xd9,0x75,0xda,0x28,0xa8,0xa6,0x27,0x8e,0x30,0x98,0xc3,0x92,
  0x49,0x94,0xf8,0xcf,0x1,0x9e,0x2d,0xe,0x16,0xf9,0x51,0xa1,0x4,0xfd,0xee,0xc7,
  0x3c,0x3c,0x89,0xbf,0x7f,0x38,0x4,0x3f,0x70,0x92,0x77,0x79,0x5d,0x37,0x74,0x2d,
  0xfd,0xa9,0x5f,0xe9,0x49,0x2f,0xa6,0x38,0x84,0x34,0x8b,0x20,0x9e,0x18,0x9d,0xa6,
  0x89,0x21,0xf2,0x36,0xd3,0xf4,0xab,0xc5,0x19,0x23,0xad,0x16,0xdf,0x49,0xb4,0xd,
  0xb6,0xaf,0x6f,0xeb,0xd6,0xc1,0xc1,0xb7,0x60,0xb5,0xf8,0x20,0x4d,0xf3,0x66,0xc,
  0x96,0xf9,0xe4,0x8,0x27,0xe7,0xc7,0x88,0xe5,0xee,0x29,0xae,0x75,0x3,0x0,0x39,
  0x82,0x93,0xa6,0x13,0x3,0x6c,0x90,0x98,0x7a,0xef,0x47,0x65,0x7e,0x51,0x39,0x7b,
  0x63,0xfd,0xd9,0x33,0xab,0x45,0x8f,0xb4,0x26,0x7a,0xe1,0x1f,0x7d,0xf1,0xfe,0xdf,
  0xc2,0xf9,0x36,0x2f,0xdd,0x6c,0x8a,0x72,0xe9,0xf6,0x6c,0x2e,0x5d,0x3a,0xea,0x1b,
  0x96,0x1,0x25,0x9f,0xf2,0xdc,0x78,0xf2,0x28,0xfa,0xf,0x3b,0x64,0x63,0x47,0xa4,
  0x7c,0xff,0x96,0x23,0xa5,0xe2,0x96,0xfd,0x28,0xa8,0x80,0x29,0xd,0xbe,0xc5,0x3a,
  0x99,0x2f,0x98,0x98,0x35,0xce,0x10,0xeb,0xb7,0x85,0x1d,0xec,0x7e,0xd1,0x60,0x32,
  0xa3,0xb1,0x3e,0x51,0xf0,0x2,0xb,0xdf,0xda,0xd3,0x4b,0xea,0xf7,0xf3,0xea,0xef,
  0x4b,0xca,0x2f,0x27,0x28,0xac,0x3e,0xd3,0x90,0xc1,0x2a,0x70,0x44,0x93,0x30,0x6e,
  0xae,0x34,0xa7,0x7,0x2e,0xbc,0x6e,0xfe,0x17,0xd3,0x1,0xe0,0x5e,0xf0,0x3d,0xa0,
  0xef,0x4e,0x30,0xeb,0x52,0xc8,0xf5,0xee,0xa0,0xf4,0xa3,0x7c,0x85,0x7,0x7b,0xbe,
  0x9f,0x89,0xd8,0x23,0x7b,0x6d,0x3a,0x59,0xf7,0x79,0x59,0xbc,0x6e,0x94,0x4c,0x45,
  0xbd,0xbe,0x14,0xeb,0xe6,0xfe,0x42,0x9f,0xcf,0xdd,0xec,0x55,0xdd,0x88,0x62,0x88,
  0xf5,0x2,0xb4,0xe7,0x33,0xf4,0x6d,0xb8,0xd6,0x1,0x27,0x55,0x19,0x75,0xe4,0x8b,
  0x62,0x85,0xb,0xae,0x4,0x3b,0x55,0x7,0x1a,0x59,0x20,0x42,0x28,0x5a,0x24,0xd1,
  0x2d,0xfd,0x12,0x9a,0xe,0xf,0x7f,0x29,0xd,0x8a,0x28,0x9c,0x7e,0x3e,0x7e,0x3e,
  0xb7,0x5,0x8,0xcd,0x73,0xa3,0xac,0xcc,0x51,0x70,0x42,0x6d,0x36,0x75,0x2c,0x60,
  0x56,0x1,0xe4,0x6c,0xfb,0x4e,0xa6,0x9c,0xf1,0x5b,0x55,0xce,0xd5,0xd5,0xdd,0xe7,
  0x6b,0x69,0x95,0x74,0x87,0x22,0x76,0x71,0xc1,0xb4,0x55,0xb0,0xd1,0x8e,0x82,0x54,
  0x3a,0xed,0x41,0x73,0x31,0x59,0x62,0x85,0xa,0x69,0x34,0xe6,0x26,0xba,0x2,0x5d,
  0x35,0xe1,0x26,0xd2,0xcf,0x75,0x93,0xce,0x4,0xc3,0xdb,0x5c,0x38,0x7e,0x5,0xc,
  0x57,0x4e,0x9f,0xd7,0xa8,0x88,0xa0,0xc,0xd0,0xc9,0x4c,0xf9,0x8c,0x49,0x30,0x29,
  0xb0,0x25,0xce,0x1f,0x3a,0x8c,0xce,0x65,0xc0,0x1f,0x2,0x93,0xd7,0xcf,0x9d,0x12,
  0xde,0x50,0x9a,0x6c,0xe1,0xa0,0xd9,0x42,0x29,0xcd,0x74,0x30,0x31,0x66,0xb,0x83,
  0xc2,0x9b,0xc6,0x8f,0x99,0x90,0x98,0x48,0x53,0xe,0x2e,0x50,0xaf,0xf5,0x19,0x1c,
  0xd2,0xb5,0x61,0x31,0xbb,0x3b,0xd9,0x5a,0x84,0x95,0x98,0xba,0x70,0xbb,0x36,0x7f,
  0x8e,0xf9,0xdf,0xaf,0xbe,0x89,0xb5,0x9,0x5,0xbe,0xb6,0xb9,0xf,0xa,0x26,0xbd,
  0xa8,0xdd,0x33,0xbe,0xd0,0xe0,0x96,0xd6,0x1,0x5b,0xb5,0xd4,0xc7,0x44,0xe0,0xb7,
  0x7f,0x15,0x90,0x3f,0x3d,0x90,0xc6,0xe9,0xb4,0x2e,0x9b,0x12,0xef,0x88,0x26,0x82,
  0x18,0x32,0x57,0x2a,0x26,0xda,0xb8,0x8d,0x66,0x31,0x21,0x27,0x62,0x3,0xe1,0x6b,
  0xff,0x8,0x4,0xa1,0x2d,0x40,0x4f,0xea,0x2c,0x8a,0x82,0x6b,0x84,0x9e,0xaa,0x4a,
  0x56,0x76,0xad,0x92,0x95,0xa9,0xaa,0x3c,0x52,0xe5,0xa4,0x89,0x41,0xa0,0x70,0x62,
  0x3,0x69,0xa5,0x49,0x88,0x32,0x31,0x40,0xef,0xe0,0xd4,0xc4,0x3b,0x55,0x9,0xec,
  0xd8,0xc6,0xd1,0x7d,0x1b,0xa6,0x7,0xa2,0x50,0x6a,0x74,0xa5,0xd6,0x12,0xe9,0x30,
  0x76,0xb,0xa1,0x58,0xe7,0xf4,0xb2,0xb2,0xb0,0xe0,0x1e,0xe0,0xf0,0x92,0x61,0xd4,
  0xda,0x6c,0xb6,0x2f,0x45,0x13,0x87,0x71,0xe9,0x21,0xde,0xab,0x44,0x3a,0xf9,0x62,
  0xe5,0x9a,0xf2,0xec,0x92,0x32,0x35,0x63,0xdd,0xba,0x84,0xa2,0x33,0xf3,0x5f,0xad,
  0xdf,0xf9,0xa6,0x63,0x7d,0xf5,0xc9,0xfa,0xa3,0xeb,0x5e,0x41,0x1a,0x5f,0x95,0xdd,
  0x11,0x5a,0xd0,0x4d,0x44,0xf7,0xf5,0xe6,0x61,0x20,0x5a,0x91,0x0,0xfa,0x74,0x2a,
  0x99,0x73,0xb1,0x18,0x75,0x1e,0x15,0xa4,0x39,0x0,0x12,0xc8,0xa8,0x8c,0xfd,0x59,
  0xfa,0xe8,0xa6,0xeb,0xf3,0xbf,0x2a,0xa7,0x97,0x95,0x5b,0x77,0xd6,0x4f,0x4e,0xab,
  0xdf,0xdd,0x6f,0x2c,0x1b,0xa8,0x53,0xd1,0xb3,0x20,0x1d,0xb2,0x84,0x95,0x86,0x8a,
  0xb7,0x75,0xab,0x6b,0xf5,0x19,0xf,0x2b,0xd9,0xaa,0x5b,0xba,0x43,0xc0,0x88,0xd7,
  0x2f,0x5d,0xaf,0x3d,0xfc,0x97,0xfa,0xf8,0xa2,0x72,0xe1,0x2a,0x19,0x1c,0xda,0x8f,
  0xf5,0xfc,0xba,0x3a,0xfd,0xa5,0x72,0x7e,0x61,0x7d,0xea,0x57,0x63,0x23,0x96,0xf3,
  0x33,0x8a,0xda,0xc7,0x6e,0x93,0xff,0xd0,0x9e,0xfc,0x58,0xa0,0xe,0x83,0x2,0xe5,
  0x58,0x77,0xad,0xf0,0x24,0xf6,0x9d,0x4a,0xa6,0x6,0x1a,0xc4,0x88,0x9f,0xdc,0xf3,
  0xa9,0x29,0x67,0xa9,0x29,0xb7,0xbd,0x67,0xfb,0xf6,0x9d,0xd1,0x6a,0x4a,0xdb,0xfa,
  0xd4,0xbb,0x3d,0xf7,0xd7,0xc1,0xde,0x58,0x68,0x9,0x46,0x62,0xa5,0xed,0x52,0x44,
  0xd,0xf2,0xc8,0xf4,0x35,0xab,0x54,0x22,0xa3,0xfb,0xea,0x82,0x3a,0xbf,0x0,0x24,
  0xaf,0xce,0xde,0x86,0x87,0x96,0x68,0x1d,0x5f,0x4,0xc7,0xb6,0x1b,0xb6,0xb2,0x5,
  0xf1,0x74,0xcb,0xb6,0x36,0xb2,0x5d,0x6f,0xb8,0x2a,0xc0,0x33,0xda,0x8e,0xb7,0x5b,
  0xd4,0x9f,0xf6,0x57,0xb9,0x8a,0xf6,0xf8,0x19,0x57,0x10,0x8c,0x2f,0xfb,0xc7,0xaa,
  0x92,0xfe,0xbc,0x53,0xe2,0xb5,0xa7,0x61,0x56,0xae,0x4a,0xe8,0xf9,0x20,0x45,0xdb,
  0x5,0xff,0xdd,0x71,0x21,0xf4,0x3e,0x37,0x6d,0x2b,0x93,0x7d,0x8d,0x55,0xef,0x76,
  0x4e,0x77,0x9,0x6,0x3e,0x46,0x26,0xfc,0x6f,0xac,0x80,0xe7,0x8f,0x3b,0x84,0x27,
  0x9d,0x95,0xd0,0x9f,0xc1,0xb2,0x44,0xbe,0xe1,0x19,0xfd,0x5b,0x15,0x40,0x28,0x36,
  0x56,0xd8,0x3e,0x50,0xaa,0x88,0xab,0xaa,0x8e,0x62,0xaa,0xe0,0xca,0xe8,0xcf,0xc7,
  0x79,0x19,0xfd,0xd9,0x23,0x1e,0x45,0x7f,0x76,0x70,0x79,0x3a,0x2a,0x21,0x4,0x82,
  0x6,0x88,0x35,0x3a,0xa2,0xd0,0xa1,0x21,0x10,0xda,0xd9,0x8d,0x9e,0x81,0x7a,0x8c,
  0x97,0xf8,0xd7,0x9d,0xd5,0x62,0xf1,0xef,0xa0,0xb3,0x4,0x62,0x25,0x24,0x55,0xa5,
  0xb3,0x54,0x84,0xb2,0x4f,0x4e,0x4a,0xa3,0x87,0xd8,0x78,0xba,0x93,0x21,0xff,0x52,
  0xc9,0xde,0x5c,0xc2,0x97,0x6a,0x7c,0x59,0x8a,0xb1,0xbd,0xae,0x35,0x26,0xcc,0xff,
  0x2d,0x5c,0x9a,0xc1,0xb8,0x8a,0x7b,0x6a,0xd2,0x68,0xeb,0xa6,0x3a,0x7f,0xb7,0x7e,
  0x7c,0x4a,0x3d,0xf7,0x33,0x69,0x3e,0x96,0x8,0x89,0xab,0x9e,0x97,0xb2,0x2,0x2d,
  0x2a,0xe,0xc8,0x22,0xdd,0x5d,0x90,0x8d,0x88,0xfc,0x46,0x93,0xd2,0xaa,0x5c,0x5,
  0x4f,0x1c,0xd1,0xf4,0xe6,0x56,0xd5,0x1b,0xa7,0xbd,0x1,0x35,0x1d,0x7e,0x57,0xde,
  0x3b,0x4e,0x10,0xa0,0xbc,0xa5,0xbb,0x53,0xe1,0xca,0xe9,0xa3,0xa0,0x2d,0xc8,0x9a,
  0x91,0x9d,0x7d,0xb4,0x51,0x21,0x4b,0x88,0x66,0xff,0x44,0xd9,0xea,0x80,0x35,0x37,
  0xc6,0x13,0x6b,0x42,0xa3,0xb6,0xda,0xc2,0xed,0x80,0x89,0xe5,0x1,0x45,0x43,0xa1,
  0x48,0xa1,0xc2,0xe5,0x91,0x30,0x93,0x26,0x86,0x3c,0x97,0x66,0x33,0x2b,0x53,0x7d,
  0xfc,0xb3,0xb2,0xfc,0x13,0x68,0xb3,0xca,0xbd,0xd9,0x96,0x2c,0xce,0xb8,0x3b,0x92,
  0x4a,0x65,0x8c,0xa4,0xae,0xae,0x18,0x66,0x83,0xff,0xfd,0x60,0x28,0xa4,0xf7,0x21,
  0xf7,0xd2,0x57,0x63,0x14,0x12,0xa2,0x5b,0x5f,0xea,0x85,0xb,0xeb,0xcf,0x1f,0xb4,
  0xc6,0xe9,0xd5,0x34,0x89,0x36,0xb0,0xc1,0xbe,0xa8,0x22,0x63,0x6b,0xe2,0xa5,0xe1,
  0x75,0xed,0xd9,0x25,0xf5,0x9f,0xb,0x84,0xb8,0x5b,0x23,0x73,0x48,0x8d,0xe,0xa9,
  0x63,0x41,0xf2,0x8,0xc7,0x15,0x2b,0x1f,0xf1,0x87,0xb9,0x26,0xe9,0x3c,0xc8,0xe5,
  0xea,0x8d,0xee,0x9e,0x44,0x5b,0x39,0xa1,0x56,0xfc,0x90,0x28,0xcb,0x62,0xc9,0xf0,
  0x62,0xa7,0xda,0x26,0x97,0x22,0xfb,0x5d,0x7c,0xdd,0x19,0xf8,0x94,0x15,0x71,0x67,
  0x34,0xed,0xa6,0xf0,0xdd,0x1,0x49,0xed,0xce,0x8,0xda,0x6b,0x8a,0x3e,0xae,0x9b,
  0xdd,0x9d,0xce,0x4f,0x1c,0x5e,0x70,0xd9,0xf9,0x1e,0xcd,0xbe,0x74,0xec,0x88,0xc7,
  0x95,0xbb,0x6e,0x89,0x7,0x32,0xf7,0xb2,0x55,0xc2,0xee,0x91,0xa7,0x8d,0x86,0xe1,
  0x75,0x13,0x65,0xef,0x7c,0x88,0x90,0x9a,0x37,0xe9,0xd2,0xee,0xa9,0x77,0x71,0xd4,
  0xf5,0x84,0x74,0x1b,0x4,0xec,0xbb,0xf,0xed,0x23,0xf,0xe9,0x5e,0xa0,0xde,0x9b,
  0x6f,0x77,0x83,0xd3,0xef,0xd3,0x6f,0x30,0x8,0xa9,0xf7,0xec,0xdb,0x88,0x9f,0x66,
  0xff,0xbe,0xcd,0x5b,0x66,0x5b,0x29,0xa1,0x37,0xf3,0xdb,0xd0,0xae,0xc7,0xf5,0xbd,
  0xea,0xa4,0xdd,0xd9,0x1f,0xdc,0x3f,0x63,0x9b,0xbf,0xe3,0xb5,0xcf,0x3e,0x7f,0x4a,
  0x4b,0xb1,0x5d,0xde,0x2c,0x83,0x2b,0xb9,0x1d,0x15,0xf0,0x8a,0xa8,0x1a,0x9e,0x5c,
  0xf4,0x85,0x32,0xa8,0x6a,0x94,0x91,0xec,0x87,0x74,0xbc,0xa,0x1,0xf7,0x31,0x8a,
  0xc0,0x73,0xc8,0x50,0x6f,0x2a,0x6c,0xa8,0xb7,0x87,0xaa,0x47,0x3a,0x78,0x5f,0x30,
  0xb4,0x5d,0x8,0xd3,0x38,0xfd,0xdc,0xf,0x5,0x58,0x5,0x24,0xb3,0xf6,0x78,0xaa,
  0x7e,0xf3,0x89,0x3a,0x7d,0x1a,0xf8,0xcd,0x8b,0x95,0x6b,0xb5,0xe5,0xdf,0x95,0x8b,
  0x5f,0xab,0xe7,0xbf,0x51,0xce,0xcc,0xbe,0x58,0x39,0x83,0xe,0x86,0xdd,0x5b,0x55,
  0x1e,0xfd,0xf4,0x62,0x65,0x5a,0xbd,0xf2,0x40,0x39,0xbe,0x2,0xb2,0xd4,0x70,0xf6,
  0x37,0x47,0x27,0x61,0x4e,0x15,0xf8,0x1a,0x83,0x3d,0x29,0x1a,0x54,0xf8,0x3a,0x40,
  0x3f,0xe1,0xca,0xa0,0xd1,0x71,0x52,0x60,0xc,0x8f,0xec,0xea,0x38,0x10,0xbc,0xb4,
  0xbf,0x60,0x8a,0x87,0x8a,0x28,0xf0,0xfa,0xe4,0x39,0x68,0xa3,0xb1,0x4e,0xe0,0x74,
  0x45,0xf,0x3b,0x49,0x3f,0xa4,0x6a,0xd3,0x21,0x99,0x7f,0x8f,0x31,0x93,0x9d,0xf4,
  0xed,0xd4,0x7f,0x3c,0x5f,0x3f,0xbe,0xe0,0xdb,0xce,0x38,0x2f,0x14,0x86,0xcb,0x20,
  0xb3,0x70,0x43,0x29,0xad,0x9d,0xc3,0xa5,0x2d,0x63,0xb1,0x20,0x8f,0xd2,0x41,0xff,
  0xd7,0x96,0xad,0x25,0x34,0x1b,0x2f,0xa2,0x52,0x40,0x10,0x25,0x64,0x53,0x7e,0x73,
  0x1c,0x4a,0xff,0x77,0xd9,0x54,0x40,0xe,0xe0,0x1e,0x2a,0xd2,0x15,0x6c,0xf0,0xec,
  0xa6,0x42,0x94,0xa3,0xb5,0x68,0x6d,0x85,0x8a,0x9c,0xc,0x14,0x3c,0x6c,0x10,0x7c,
  0x32,0x43,0x57,0x38,0x9c,0x59,0xdc,0xec,0xdc,0x4d,0xb6,0x79,0x82,0x80,0xfc,0x23,
  0x4e,0x50,0xa6,0x8d,0x13,0xd4,0x14,0x8e,0x5d,0x6c,0xb7,0x4f,0xfc,0x25,0x1e,0x25,
  0xb2,0x5b,0xa8,0x1c,0x18,0xf2,0xa4,0x57,0xb9,0xf5,0x73,0xfd,0x87,0x7f,0xaa,0x67,
  0x6f,0x23,0xf1,0xb1,0x78,0x17,0x49,0x93,0xa7,0x5f,0x2b,0x67,0x17,0xf5,0xc0,0xb1,
  0xaf,0xec,0x20,0x6,0xe2,0x6,0xc8,0x8c,0x9c,0xcf,0x72,0xc,0xe,0x9b,0x6a,0xe1,
  0xf9,0x20,0x1a,0x45,0x9a,0x90,0x7e,0x8,0x1e,0xc0,0x3,0x5c,0x7e,0x56,0xa1,0xed,
  0x7,0x38,0x66,0x1d,0x83,0x3f,0x28,0xad,0x58,0xb3,0x88,0x36,0xca,0x65,0xe7,0x75,
  0x9b,0x46,0x98,0xb0,0x9d,0x16,0xb3,0xd3,0x2,0x76,0x5a,0xb0,0x4e,0xb,0xd3,0x69,
  0x11,0x3a,0x2d,0x3c,0x17,0xa3,0x6d,0x22,0xe8,0x6,0xe,0x43,0x2c,0xd2,0x5d,0xc5,
  0x11,0x34,0x1a,0x74,0x4d,0x47,0x43,0x95,0x8d,0xf7,0x75,0x84,0x8a,0x88,0x79,0xdd,
  0xe5,0x41,0x81,0x59,0xff,0x7b,0x3e,0xd8,0x9,0xeb,0x4d,0x1f,0x21,0xe3,0x98,0xd6,
  0x8f,0xef,0x4d,0x1e,0x1,0xb1,0x53,0xbf,0x5b,0x3e,0xfc,0xd9,0x7c,0x9,0x54,0xe5,
  0x63,0xe4,0x9e,0xe,0xfc,0x18,0xa5,0x2,0xa4,0x37,0x6b,0x15,0xf0,0x42,0xe8,0xa,
  0x9c,0x37,0x85,0x84,0xac,0x0,0x45,0x1,0xb4,0xa,0xb4,0x47,0xfa,0xf2,0x93,0xb4,
  0xd4,0x30,0x49,0x7,0xd6,0x78,0x71,0x49,0x40,0xa5,0x14,0x21,0x4f,0xfa,0xed,0xc5,
  0x1e,0x7e,0x92,0x3e,0x4a,0x15,0xc9,0x60,0x80,0x59,0xca,0x2,0xc6,0xa1,0x8e,0x54,
  0x28,0x69,0xcd,0xa3,0xfb,0x46,0xf0,0x11,0xdd,0x14,0xde,0x83,0xac,0xc9,0x6e,0xc6,
  0xb6,0x61,0x9e,0xae,0x46,0xf7,0x33,0xf5,0x7e,0x1f,0xdd,0xe8,0xcb,0x63,0x27,0xed,
  0x2e,0x21,0xd8,0x71,0x13,0x59,0xa0,0xb8,0x4c,0x85,0x6d,0x5b,0x55,0x17,0xde,0xb6,
  0x4c,0x5f,0x87,0x23,0x82,0x88,0xf6,0x8a,0x5d,0x38,0xb1,0x7e,0xfc,0x64,0xfd,0xf8,
  0xb5,0xda,0xe5,0xc5,0xda,0xf2,0x73,0xf5,0xfa,0x4d,0x30,0x57,0xd4,0x1b,0x2b,0x9e,
  0x5b,0x8b,0xa2,0xe8,0x6,0x94,0xc3,0x9,0x57,0x81,0xf5,0xae,0x80,0x70,0x25,0x51,
  0x98,0xed,0xbb,0x87,0x80,0x8,0x74,0x3f,0xd8,0xad,0xbb,0xf5,0xab,0xbf,0x91,0x4d,
  0x73,0x1d,0xb5,0x85,0x7b,0xca,0xa9,0xa9,0xf5,0xb3,0xdf,0x84,0x1a,0x3d,0xa6,0x22,
  0x56,0x38,0xca,0x56,0xc2,0xe2,0x20,0xbc,0xb,0xd0,0x53,0xcc,0x18,0x67,0x52,0xc,
  0x75,0x5b,0xbf,0x34,0xe9,0xdd,0x77,0x1b,0x7f,0x4c,0xe2,0x5,0xf4,0xf1,0x48,0x3c,
  0x6,0x88,0x0,0x6b,0xf3,0x3,0xb4,0x90,0xfc,0x1,0x95,0x5b,0xd7,0x0,0xf0,0x7d,
  0x26,0x15,0xbe,0x73,0x22,0x48,0x61,0x5e,0x90,0xfb,0xa3,0xa0,0x47,0x97,0xa1,0x79,
  0x19,0x5d,0x93,0x4,0x32,0x11,0xdd,0x6,0x7,0x7d,0x8b,0xc7,0x32,0x85,0x58,0x18,
  0x41,0x6c,0xe3,0x22,0xf2,0xb1,0x64,0xbe,0xc8,0xb1,0x12,0xe2,0x87,0xf1,0x54,0x27,
  0x3,0xff,0x30,0x5,0x76,0x6a,0x54,0x15,0xb5,0x62,0xdc,0x53,0xd4,0x51,0xb2,0x3c,
  0xb7,0x30,0x99,0x4e,0x26,0x8f,0x7c,0xa8,0xa4,0x5a,0xf2,0x83,0x4,0xdf,0x7b,0x9b,
  0x69,0x40,0x44,0x97,0x7b,0x39,0x59,0x60,0x37,0xfe,0x10,0x16,0xa8,0xb1,0xc3,0x26,
  0xb0,0x53,0x91,0x25,0xf1,0x30,0x37,0x2c,0x4f,0x14,0x91,0xda,0x2,0x2d,0x36,0x51,
  0x57,0x91,0x17,0x38,0x6c,0x12,0x40,0x4d,0x99,0x26,0xeb,0x19,0x62,0xcb,0xe8,0x78,
  0x25,0x3e,0x37,0x18,0x75,0x7c,0xb0,0xfc,0xfb,0x80,0xcf,0x19,0x8b,0x3d,0x5a,0x2d,
  0x6e,0xfa,0x6c,0x5f,0x78,0x5d,0xd5,0x6d,0x82,0x89,0x84,0xde,0xc6,0xc4,0xb1,0x7e,
  0xbc,0x77,0x17,0xf3,0x1e,0x93,0x1,0xd2,0xe9,0x4b,0xc0,0x3,0x3f,0x10,0xbd,0x6e,
  0x84,0xc4,0x43,0xdc,0x28,0x52,0x8a,0xd1,0x16,0xa7,0x26,0x6b,0x2a,0x89,0x47,0xb9,
  0xfd,0x62,0x1c,0xc8,0xbd,0x83,0x28,0xf2,0x79,0xb1,0x12,0xc7,0x5d,0x47,0xfd,0x8c,
  0x4b,0xf0,0x73,0x77,0x2,0x93,0xbf,0xf6,0xbe,0x2,0x8a,0xbe,0xf3,0x7d,0xb3,0x9d,
  0x40,0x34,0x11,0xd0,0x89,0x9e,0x80,0x4e,0xf4,0x34,0xdd,0x9,0xb2,0x58,0x22,0x23,
  0x74,0x32,0x32,0x19,0x13,0xe1,0x5,0x92,0x2b,0xfa,0xa2,0x6a,0x9e,0x1e,0x50,0x2d,
  0xac,0x94,0x87,0x39,0x40,0x78,0x6,0xf6,0x86,0xd9,0xa9,0x85,0x74,0x13,0x4d,0xf3,
  0xa1,0x48,0x7d,0xb,0x89,0xd6,0xc9,0x8,0x5a,0x4,0xc8,0xc4,0xb5,0xe5,0xaf,0xd,
  0x2d,0xa2,0x3,0xbe,0x20,0x4d,0x42,0x9b,0x95,0x45,0xf8,0xaa,0x5c,0x3c,0x5f,0xbf,
  0xfe,0xc3,0xdb,0xa3,0x4e,0x10,0x8c,0x68,0x1a,0xc5,0xa6,0xa6,0xb0,0x29,0xc8,0xdb,
  0x29,0xc8,0xf5,0xba,0xfe,0x26,0xf2,0x42,0x2b,0xb4,0x2,0xe5,0xc1,0x5,0xd3,0x1c,
  0x78,0xf4,0xd3,0xda,0xe3,0xb3,0xa1,0x17,0xae,0x75,0x7a,0x2b,0xa6,0x22,0x88,0x8e,
  0xbf,0x74,0x3,0xe9,0x54,0x2c,0xba,0xa0,0xf1,0x1b,0xd2,0x7,0x73,0x3,0xad,0xd3,
  0x42,0x7a,0xda,0xaa,0x85,0xf4,0xbc,0x92,0x5a,0x48,0xc5,0x43,0x1,0xa8,0x20,0x9,
  0x9f,0x49,0x60,0xcc,0xbb,0x6a,0x0,0x1a,0x40,0x8b,0xf4,0x10,0xdf,0x6e,0x64,0x83,
  0xba,0x91,0x7d,0x4d,0x35,0x91,0xd6,0xea,0x11,0x95,0x63,0x8,0x4d,0x68,0x5d,0xbc,
  0x22,0x8a,0x84,0xc6,0x1d,0x88,0x70,0xaf,0x7f,0xb9,0xa4,0x4e,0xdf,0xac,0x9f,0x5c,
  0x54,0xce,0x7c,0xa5,0x33,0x8b,0xa9,0xe8,0xdd,0x42,0x62,0x5a,0x67,0xce,0x14,0x4e,
  0xad,0x81,0x97,0x3d,0x41,0xda,0x72,0x33,0xb9,0x5a,0xa6,0xaf,0xd3,0xca,0xd0,0x7a,
  0xfa,0x9a,0xa9,0xfd,0x48,0x95,0x2d,0x48,0xac,0xcc,0xe7,0x87,0xaa,0x92,0x7f,0x3b,
  0xd9,0x4c,0xa7,0x85,0xb5,0xa2,0x6f,0xb6,0x97,0x6d,0xea,0x44,0x2e,0x65,0x6b,0x27,
  0x93,0xb3,0x76,0xa2,0xc7,0xfe,0xb2,0xbb,0x5d,0x98,0xe8,0xb5,0xf,0xb6,0x3b,0x65,
  0xed,0x44,0x6f,0xce,0xf6,0x32,0x97,0x6a,0x57,0x27,0x7a,0x1c,0xd3,0x6e,0xc3,0x44,
  0xa6,0x85,0x34,0x81,0xcf,0x13,0x37,0x4d,0xb7,0x68,0x9d,0xc5,0xdf,0x5c,0x43,0xa4,
  0x7e,0xf5,0x21,0xb2,0x42,0x66,0xae,0xa8,0xf3,0xbf,0x3,0x9f,0x7a,0x4b,0x8c,0xd,
  0x18,0xf5,0xa6,0xef,0x72,0xd3,0x22,0x79,0x53,0x2d,0x92,0x36,0x4a,0xed,0x74,0x6e,
  0x63,0xa4,0xb6,0xa3,0x9d,0x6e,0x9b,0x98,0xe8,0xce,0x6c,0x8c,0xc0,0x74,0x68,0x7,
  0x69,0x5b,0x27,0x72,0x59,0x7b,0x27,0xda,0xa5,0x3a,0xf4,0xd8,0xf5,0x97,0x8c,0x4d,
  0x7f,0x71,0x88,0xf4,0x6c,0xb6,0x5d,0x52,0x3b,0xeb,0x23,0xb5,0x73,0x7d,0xaf,0x9c,
  0xd4,0x7e,0xc5,0x85,0xee,0xdc,0x22,0x8,0x5d,0x10,0xb7,0x1d,0xca,0xfc,0x57,0xb5,
  0x13,0x4f,0xe0,0xbb,0xfa,0xf4,0xe1,0xdb,0x22,0x7b,0xe7,0x16,0xe9,0x64,0x6f,0x7d,
  0xee,0xd1,0xa6,0xec,0x7d,0x13,0x65,0xaf,0xd5,0x74,0xdd,0x94,0xe2,0x1,0x9e,0x83,
  0x57,0x5d,0x3,0xc8,0xe6,0x36,0x46,0x3,0xc8,0xa4,0x7c,0x34,0x80,0x4c,0x6a,0x63,
  0x34,0x80,0x54,0xd6,0x47,0x3,0x48,0xf7,0x6c,0x8c,0x6,0x90,0xea,0xf3,0xd1,0x0,
  0x32,0x7d,0x1b,0xa3,0x1,0x64,0x73,0x3e,0x1a,0x40,0x73,0x34,0xf1,0xd2,0x35,0x0,
  0x53,0x4a,0x83,0x54,0x26,0x1b,0x7c,0x40,0x48,0xa3,0xd3,0x32,0xd3,0x53,0xf0,0x63,
  0xfd,0xf4,0x5,0xe5,0xcc,0x57,0xb5,0xe5,0x3b,0x4d,0xf9,0xf8,0x25,0x9c,0x77,0x5,
  0x5d,0xec,0xba,0x8d,0xe9,0x6e,0x82,0xf9,0x1b,0x17,0xa0,0x59,0x85,0x68,0xc4,0xfa,
  0xd0,0xf1,0x3b,0xd9,0xb2,0xc3,0xe7,0x9a,0x61,0x25,0xff,0xe3,0x1f,0x8c,0x6c,0xb5,
  0x8a,0xef,0x68,0x2f,0x12,0xb6,0x71,0x64,0x23,0xb6,0xcb,0x15,0x2b,0x9c,0xb3,0xf1,
  0xb5,0xc7,0xf7,0x5c,0xdb,0xe8,0x6e,0x61,0x1b,0xca,0x83,0xb,0xae,0x6d,0x64,0x9a,
  0x98,0x8f,0x82,0x28,0x7f,0x2,0x55,0xa4,0x93,0xad,0xc,0xcc,0x18,0x9d,0x6b,0x4d,
  0x80,0xa6,0x60,0x8f,0x2f,0x65,0xfa,0x98,0xe,0x68,0xe6,0x3d,0xc6,0xca,0xf8,0xb2,
  0xcc,0x16,0xf3,0xc,0xa5,0x89,0x9c,0x2e,0x7c,0x48,0xbd,0xa9,0x70,0x3,0x9a,0x4,
  0xb,0xb6,0x41,0x61,0x49,0x27,0x9c,0x5d,0xca,0xa5,0x5e,0x99,0x38,0x11,0x8a,0x2c,
  0x14,0x8e,0xd9,0x2d,0x9c,0x1c,0xde,0x74,0xcd,0xfc,0x3b,0x93,0x41,0x31,0x18,0x60,
  0x85,0x68,0xd6,0x5b,0x15,0x74,0x68,0x89,0xe7,0x71,0xf2,0x15,0x35,0x7c,0x1e,0xd5,
  0xaf,0xfe,0x6e,0x9a,0x3f,0xf5,0xd9,0xbb,0xb5,0xcb,0xbf,0xbf,0x35,0x86,0xcf,0xa3,
  0xcd,0xed,0xd,0x9b,0x6,0xcd,0xa6,0x41,0xf3,0x8a,0x1b,0x34,0xa9,0x8d,0x31,0x68,
  0xd2,0x39,0x1f,0x83,0x26,0x9d,0xdb,0x20,0x83,0x26,0xe5,0x67,0xd0,0x6c,0x90,0x4b,
  0xd3,0x6e,0x55,0x39,0xd,0x9a,0xd,0x72,0x69,0x66,0x53,0x7e,0x6,0x4d,0xea,0x4d,
  0x30,0x68,0x40,0xdd,0x25,0x2,0x17,0x5d,0x6,0xbb,0xfc,0xf5,0xda,0xe3,0x73,0xea,
  0xb7,0x4f,0x9a,0xda,0x84,0xd0,0xa6,0x15,0x99,0x6b,0xa5,0x57,0x5b,0xdb,0x60,0x63,
  0x59,0x2,0xa9,0x16,0xba,0xab,0x1b,0x6a,0xcf,0xb5,0xb5,0xf6,0xac,0x9d,0x68,0xb7,
  0x66,0xde,0x64,0x27,0xf9,0x5d,0xdd,0x49,0xe,0x74,0x3b,0x77,0x77,0xfd,0xec,0x2f,
  0x6f,0x8d,0xa2,0x78,0x77,0x53,0x51,0x7c,0x23,0x15,0xc5,0x4d,0xf5,0x6e,0x53,0xbd,
  0xdb,0x54,0xef,0x36,0xd5,0xbb,0xb6,0xa9,0x77,0x58,0x4c,0xda,0xd5,0xbb,0xe9,0xda,
  0xd2,0x71,0x65,0xe6,0x4a,0xed,0x97,0xdf,0x94,0x7b,0xb3,0xad,0xdc,0x96,0x9e,0x73,
  0xd9,0x96,0x8e,0xa6,0x1e,0x6f,0x4b,0xcf,0xb6,0xd0,0xfb,0xd9,0xdd,0xa6,0x6d,0xe9,
  0x5b,0x98,0xee,0xd7,0x69,0x4b,0x3a,0xda,0xd6,0xec,0xb1,0xb,0xbc,0x22,0xb5,0x6e,
  0x1b,0x7a,0x97,0x77,0xd3,0x5d,0x6d,0x69,0x7a,0xe3,0xb7,0x9e,0x6f,0x88,0xf6,0xba,
  0xba,0xa5,0x3e,0xbf,0xaa,0x69,0xb0,0xea,0xe2,0xdd,0xda,0xf2,0xf3,0x37,0x49,0x7d,
  0x8d,0xfb,0xea,0xaf,0xab,0x96,0xb8,0x91,0x1f,0xe0,0xbc,0xe,0x98,0xd8,0xd4,0x74,
  0x37,0x35,0xdd,0x4d,0x4d,0xb7,0xa5,0x9a,0x6e,0x77,0xdf,0xa6,0xa6,0xfb,0x16,0x6a,
  0xba,0xdd,0x7e,0x7b,0x33,0xbb,0xfb,0xde,0x4,0x4d,0x97,0xa8,0xb6,0xdd,0xea,0xf5,
  0x9b,0x51,0x4,0xeb,0x6,0xa8,0x9a,0xe,0xad,0x38,0x97,0xd5,0x2,0xec,0xb9,0x81,
  0xe6,0xea,0x5,0xa9,0x89,0xae,0x27,0x33,0x43,0xcf,0xd9,0x57,0x4d,0x77,0xb5,0xec,
  0x2a,0xc8,0xc0,0xa0,0x51,0x87,0x3b,0x99,0x89,0x16,0x69,0xa7,0x16,0x9a,0xef,0x3,
  0xcd,0xaa,0x45,0x95,0xbf,0xe,0xfa,0x67,0x5b,0x54,0x55,0x74,0x9b,0x51,0x40,0x62,
  0x30,0xe7,0x27,0xd4,0x35,0x9e,0xfa,0xc7,0x79,0x9d,0x67,0x21,0xcc,0x2d,0x69,0x64,
  0xa5,0x3a,0x32,0x2b,0xe4,0xc2,0x95,0xf7,0xb8,0xfb,0xcb,0xaa,0x3d,0x5,0x26,0x7b,
  0xf5,0x53,0xb4,0xe1,0x3f,0xfe,0x73,0x94,0xde,0xb8,0x48,0xd2,0x2f,0x18,0x97,0x53,
  0x39,0x5f,0xb4,0x71,0x22,0x3,0x12,0x64,0xb4,0x65,0x22,0xb5,0x5b,0xfb,0xe8,0xd2,
  0x63,0x4,0x4e,0x6a,0x4f,0x84,0xf2,0x61,0xef,0x6c,0xd,0x41,0x11,0xa1,0x6e,0x75,
  0xdd,0x18,0x8a,0x68,0x11,0x58,0x53,0x37,0xc8,0xfa,0x26,0x6b,0xd1,0x52,0x1c,0x9c,
  0xfb,0x56,0x3d,0xf7,0xac,0x43,0xcb,0x74,0x60,0xb9,0x2e,0xd6,0xbb,0x2c,0x55,0xce,
  0x83,0x68,0xb6,0x6d,0x59,0x12,0xcb,0x9c,0x24,0x4f,0x30,0x50,0x7b,0x91,0xa9,0xc8,
  0xac,0x24,0xff,0x67,0x7f,0x50,0x68,0xc5,0xa5,0xd0,0x10,0xb9,0xbb,0x3f,0xb8,0x2c,
  0x18,0xa6,0x12,0x57,0xa9,0xa0,0xec,0xc1,0x46,0xe2,0x4,0x9c,0xce,0x98,0x4a,0xad,
  0x20,0x1d,0xc4,0x9b,0x3a,0xa1,0x48,0xf2,0xd8,0x0,0x65,0x11,0xbd,0x7b,0x50,0xd2,
  0x72,0x3d,0x6d,0x60,0xf9,0xc9,0xc0,0xb1,0x68,0xf9,0x33,0x87,0xc6,0x58,0x61,0x34,
  0xe2,0x98,0xd0,0x8e,0xbf,0x32,0xc1,0x49,0x22,0xcc,0x65,0xb4,0x78,0x53,0xa0,0x86,
  0x7,0x90,0xf7,0x4,0x35,0x21,0x2e,0xa6,0x15,0xb8,0x71,0x84,0xf,0x3b,0x7e,0x3a,
  0xa0,0xda,0x10,0x75,0x94,0x78,0xe1,0x3f,0x8d,0x74,0x12,0xbc,0x80,0xec,0x7a,0xc7,
  0x45,0x8a,0x56,0x74,0xe3,0xdf,0x12,0xf4,0x17,0xdb,0x9a,0xf3,0x64,0x4d,0x59,0x81,
  0xda,0xec,0xb4,0x35,0x89,0x46,0x42,0xb5,0xe9,0x72,0xb2,0xc9,0xe9,0x8e,0x96,0xf1,
  0xc3,0x98,0xb0,0x48,0x59,0x3f,0x74,0x12,0x9,0x95,0xf9,0xc3,0x31,0xc7,0x76,0x5c,
  0x76,0xa0,0x9e,0x60,0xcd,0x7b,0x73,0xa6,0xa9,0x5f,0x79,0x32,0x77,0x7b,0x86,0xa7,
  0xc6,0x7b,0xb7,0x33,0x14,0x57,0x88,0x2b,0xcb,0x57,0xea,0x27,0x17,0x51,0xde,0x69,
  0x9c,0xc1,0x71,0xed,0xd9,0x4c,0xd,0x64,0xc3,0xf4,0x54,0xfd,0x9b,0x25,0xbf,0xbb,
  0xc3,0xa9,0xae,0x9d,0x6d,0xd5,0x5,0xe2,0x39,0x9f,0xdb,0xe2,0x8d,0xb4,0xcc,0x3d,
  0xcd,0xde,0x31,0x1e,0x2e,0xc3,0x32,0x5e,0x95,0x12,0x82,0x62,0x49,0x66,0x24,0xbd,
  0x50,0xf2,0x43,0x43,0x93,0xf0,0x2f,0x4d,0x9b,0xa3,0x79,0xe7,0x50,0xf7,0xce,0xde,
  0xc0,0xa4,0x11,0x94,0xd9,0x95,0x29,0xf2,0x34,0x4f,0x6,0x5c,0xc4,0x4e,0x97,0x72,
  0x22,0xda,0x95,0xba,0x74,0x19,0x94,0x43,0xe9,0xc9,0x96,0x84,0xa6,0x14,0x3a,0x63,
  0xd8,0xd4,0x7c,0x93,0xad,0xed,0xa5,0x75,0x11,0x46,0xe9,0x6d,0x2f,0x65,0x99,0x30,
  0xea,0x79,0xb8,0x74,0xa,0x51,0x9,0xab,0x8d,0x8a,0x66,0xbe,0x2a,0x55,0x44,0x69,
  0x78,0x8c,0x45,0x9,0x46,0xf7,0xc9,0xc9,0xbd,0x22,0x2f,0xc8,0x40,0x65,0x1f,0xb2,
  0x42,0x61,0x8,0xbf,0xb,0x12,0xbe,0x43,0x28,0x13,0x14,0xd2,0xb1,0x28,0x75,0x2a,
  0xb7,0x9c,0xb9,0x1f,0x89,0x2,0x91,0xa2,0x38,0xf6,0xe2,0x6,0xc0,0xca,0x21,0xc5,
  0x2c,0xe8,0x4f,0xf9,0xc3,0x9f,0xf2,0xdc,0x38,0xb9,0x20,0x3e,0x76,0x44,0xca,0xf7,
  0x6f,0x39,0x52,0x2a,0x6e,0xd9,0xcd,0x96,0x71,0xed,0xf0,0x1c,0xeb,0xc,0x63,0x4c,
  0xc6,0xf2,0x5a,0x76,0xdf,0x58,0x3f,0xe3,0x95,0xf8,0xb7,0x33,0x64,0x75,0x30,0x70,
  0x8f,0xda,0xe0,0x4d,0xe8,0xca,0x58,0xd9,0xab,0x32,0x96,0x32,0x96,0x46,0x75,0xbd,
  0xfb,0x24,0x39,0x97,0x44,0x89,0x3a,0xa3,0x3f,0x30,0x23,0x72,0xb5,0xb2,0x1f,0x65,
  0x3,0xdd,0xc6,0xc4,0xd6,0xef,0x3f,0x52,0x4e,0x9d,0x21,0x9,0x92,0xd7,0x1e,0x1f,
  0x5f,0x7b,0x7c,0x57,0x4b,0x93,0xfc,0xca,0x68,0x11,0x8d,0xa9,0x1d,0xdd,0x1f,0xcd,
  0x2f,0xf6,0x64,0x8f,0xc4,0xbb,0xb1,0xfe,0xc7,0x39,0xe5,0xec,0x73,0xf5,0xec,0xd5,
  0xda,0xf2,0x73,0x65,0x6e,0x15,0x9d,0xcc,0x5b,0x9a,0x56,0xaf,0x3c,0x54,0xaf,0xae,
  0xd6,0x6e,0x2d,0xa3,0x24,0x25,0x46,0x26,0x12,0x87,0x4a,0xe1,0x76,0xcd,0x78,0xe0,
  0x35,0xe2,0xfa,0x35,0xe1,0x99,0xbe,0x94,0x4b,0x2a,0xca,0xf5,0x3b,0x3f,0xaa,0xdf,
  0x5f,0x24,0x59,0x51,0xd4,0x2b,0xf,0xd4,0x99,0x25,0x3b,0x88,0x61,0x41,0xe2,0x9c,
  0x12,0x9a,0xfe,0x87,0xbc,0x26,0xae,0xab,0x3b,0x28,0xf5,0x6,0x7a,0x3f,0xce,0x71,
  0x87,0x77,0xe8,0xa9,0x36,0xd4,0xab,0xb,0xea,0xfc,0x82,0x3a,0x7b,0x1b,0x65,0xd3,
  0x20,0x5f,0x60,0xea,0x2d,0x5f,0x96,0xa7,0xad,0x6f,0xa6,0xcc,0x2f,0xca,0xdc,0x9c,
  0x15,0xec,0xb2,0xe5,0xcd,0xa9,0x7b,0x31,0xaf,0xc6,0x5,0x71,0x3c,0x28,0xc5,0x3b,
  0x3e,0x8d,0x28,0x16,0xd8,0x89,0x61,0x19,0xed,0x0,0x81,0x12,0xf6,0xfc,0xe7,0xc8,
  0x4d,0xd4,0x85,0xd2,0x55,0xc0,0x7b,0x60,0x8b,0x71,0xd,0x40,0x4b,0x9b,0xde,0x91,
  0x4e,0x24,0xcb,0x6c,0x61,0x18,0xd9,0x6a,0xf1,0x4c,0xa7,0x9e,0xca,0xca,0xa5,0x0,
  0xe9,0x40,0x3,0xb4,0x4b,0x8f,0xda,0x94,0x39,0x24,0x42,0x96,0x10,0x5c,0x4,0xa7,
  0x0,0x41,0xb6,0x8a,0x96,0xd,0x4,0xa7,0xec,0x8a,0xf9,0x94,0xd0,0xd2,0x6a,0x78,
  0x40,0x20,0x9,0xa0,0xd7,0x9,0x6b,0x44,0x47,0x7d,0xc2,0x92,0x35,0x24,0xb6,0xf6,
  0xf4,0x2c,0x2c,0xb,0xaf,0x36,0x82,0x78,0x4f,0x63,0x1e,0x93,0xc0,0x2c,0x26,0xa8,
  0x53,0xef,0x34,0x26,0x2b,0xb1,0x76,0x4a,0xa7,0x63,0xca,0x4c,0x25,0xb8,0x93,0x96,
  0x21,0x59,0x73,0x9e,0xc,0x50,0x27,0x97,0x45,0x1f,0xaa,0x1c,0x27,0x94,0xf9,0x4c,
  0x8c,0xdc,0x25,0xc0,0x3f,0x2a,0xdc,0x2e,0x41,0x8e,0x1b,0x49,0x4c,0x12,0x68,0x5e,
  0x53,0x41,0x65,0x79,0xa1,0xb1,0x2c,0x2f,0x50,0x94,0x75,0x66,0x2c,0x21,0x54,0xe4,
  0x53,0xa4,0x31,0x47,0x9,0x29,0xe2,0x81,0x3b,0x37,0xa4,0xba,0x20,0xd4,0x3b,0xdb,
  0x88,0x5b,0xe2,0x5e,0xf5,0xfe,0x5,0xe5,0xcc,0xac,0xb2,0xf4,0xc,0xd8,0x38,0xf0,
  0xed,0xf5,0xd3,0x77,0xeb,0xc7,0x4f,0x28,0xcb,0x97,0x1b,0xf6,0xa3,0xd9,0x1d,0x6f,
  0xa0,0x13,0x6a,0x16,0x9d,0x95,0x83,0x6a,0xab,0x94,0xf9,0x0,0x7b,0x6d,0x6d,0x36,
  0xfa,0x16,0x57,0xc0,0x7e,0x27,0x50,0xaf,0x1b,0x43,0x5f,0xba,0x59,0x5b,0x9a,0xd5,
  0x24,0xcd,0xf4,0x49,0x65,0xee,0xa1,0x5f,0xcf,0xc0,0x78,0xdf,0xf,0x53,0xe6,0xc9,
  0xcc,0x4b,0xc8,0xcc,0xef,0xda,0xba,0x75,0x2b,0x25,0x5b,0x72,0xe9,0x36,0x61,0x42,
  0x3e,0x6b,0xdf,0x52,0x4,0x38,0x8f,0xe1,0x8d,0xff,0x0,0x1a,0x4f,0x90,0xe,0x78,
  0x80,0xc,0x78,0x4e,0x67,0x9,0x15,0x47,0xdd,0x6,0xc4,0xc2,0x33,0x4a,0xbf,0x37,
  0xe0,0x29,0xbb,0x5d,0xb0,0xc2,0xb,0xfe,0x58,0x41,0x7b,0x2f,0x36,0x1e,0x29,0xbc,
  0x0,0x95,0x95,0x60,0x71,0xe1,0xf6,0x3d,0x40,0x7c,0x90,0x82,0x8a,0x6b,0x38,0x11,
  0x0,0x27,0x29,0x1a,0x82,0xd7,0xb5,0x14,0x65,0x7a,0x59,0x59,0x58,0x0,0x9a,0x27,
  0xfb,0xb9,0x94,0xaf,0x4e,0xa1,0x2b,0x40,0xaf,0x5f,0xc4,0x49,0x54,0xfc,0x89,0x7f,
  0xc,0x84,0xdb,0x7e,0x94,0xdf,0xb4,0x37,0x13,0x8,0xb7,0x1d,0xe7,0x11,0x45,0xfe,
  0x89,0x54,0x20,0xac,0xee,0xef,0xb0,0x14,0x64,0xba,0x8c,0xe6,0xdc,0x6,0x83,0x17,
  0x85,0x7a,0xf5,0x86,0xf2,0xe0,0x9f,0xca,0x99,0x7,0x7f,0x27,0xdd,0xb7,0x83,0xe9,
  0x1e,0x43,0xcc,0xdd,0xf6,0x8b,0x7f,0x8f,0xa3,0xbf,0x9,0x2f,0x42,0x90,0x90,0x33,
  0x19,0x8b,0x50,0xbc,0x8c,0xa0,0x79,0x8d,0x74,0x5c,0x66,0x81,0x9c,0x17,0x47,0xf0,
  0xef,0xa3,0x93,0xe2,0x7a,0xd1,0xb4,0x87,0xa,0x2,0x6a,0x41,0x1,0xb4,0x5,0xb4,
  0x83,0xc9,0x1c,0xac,0xb6,0xd,0xc4,0x7b,0x8e,0xf5,0xd1,0x83,0x64,0xd1,0x2b,0x0,
  0x19,0x93,0x86,0x8e,0xe1,0x81,0x98,0x1d,0x4c,0x0,0xfb,0xc0,0x5d,0xc0,0xb7,0xef,
  0x5a,0x9b,0xe8,0x62,0x32,0xf0,0x93,0x56,0x3a,0x11,0x44,0x23,0x43,0x62,0xa9,0x2c,
  0xa,0x88,0x29,0x81,0xdd,0x7,0xcf,0x45,0x4e,0xf6,0xb0,0xfc,0xd0,0xf8,0x71,0x3b,
  0x84,0x82,0x12,0x8c,0xe5,0x4b,0x52,0xe2,0x8e,0x54,0xb9,0x8a,0x8c,0xb7,0xc2,0xc5,
  0x13,0x94,0x9c,0xf8,0xd6,0xcf,0xb5,0x6b,0xff,0xd4,0x92,0xc1,0xe2,0x0,0x70,0x7,
  0xc9,0xea,0xd3,0x41,0x26,0xba,0xa3,0xfe,0xe3,0x79,0xe5,0xec,0x1c,0xa3,0xcc,0x2f,
  0x2a,0x17,0xa7,0x41,0xad,0xc4,0xa0,0xe,0x5a,0xf5,0x48,0x95,0x87,0xd2,0xe3,0x91,
  0xfe,0xe1,0xec,0x48,0x15,0xd7,0x14,0x79,0xae,0xaa,0x77,0x23,0x58,0x50,0xa6,0x3b,
  0x2d,0xbb,0x9d,0x56,0x8d,0xf6,0xc7,0xba,0xba,0xfd,0x72,0xd9,0xfa,0xe9,0x3d,0xf6,
  0xfe,0x69,0x7f,0x74,0x59,0x44,0x91,0x97,0x36,0x15,0x10,0x26,0xb,0x8a,0xba,0x53,
  0xb9,0x73,0x42,0xa7,0x41,0x32,0xec,0x99,0xac,0x3f,0x5c,0xe8,0x70,0x7d,0x83,0x7b,
  0xa8,0x9b,0x2,0x9e,0xd6,0x35,0xe4,0x11,0xa9,0xd5,0xdd,0x95,0xd4,0xb1,0x7b,0x33,
  0xf0,0x3a,0x68,0xa6,0xde,0x44,0x16,0x34,0x49,0xbe,0xf9,0x21,0x4d,0x38,0x56,0x4f,
  0x2f,0xef,0x5a,0xc3,0xa7,0x41,0x35,0x4,0x5,0x4f,0xad,0xf9,0xb5,0xbc,0x1,0x69,
  0x32,0x66,0x45,0x27,0x8d,0x40,0x7f,0x28,0xfd,0xae,0xe4,0x68,0xbb,0x90,0xc3,0xee,
  0xea,0x6d,0x7a,0x17,0x6f,0xcb,0x76,0xed,0x36,0x7b,0x19,0x8f,0xb9,0xcb,0x17,0xa8,
  0x7b,0x70,0x6b,0x6a,0xc7,0xd6,0x58,0x88,0x21,0x44,0xdd,0xbb,0x1b,0xfd,0xfa,0x2,
  0xe7,0x2e,0x5f,0xfa,0x1b,0x6f,0x9a,0xd9,0xd7,0xdb,0xd4,0x3e,0x5e,0x8a,0x24,0x5b,
  0x3,0xb4,0xfb,0x6e,0x9c,0x77,0x25,0xd9,0xb2,0xa1,0xc9,0x2e,0x37,0x8,0x87,0xda,
  0x54,0x18,0x7d,0x6f,0x9e,0x33,0xa9,0x4e,0xae,0x99,0x6b,0x69,0x22,0x6e,0x8f,0x6b,
  0x61,0x86,0x2b,0x7c,0x70,0xa7,0x45,0x19,0xad,0x9a,0xdb,0xf0,0xe8,0x9d,0xb9,0xa,
  0xf5,0xa5,0xb7,0x21,0x55,0x14,0xfe,0x35,0x4a,0x23,0xee,0x99,0xa9,0x50,0x75,0xe9,
  0x94,0x6b,0x2b,0xe9,0x54,0x94,0x66,0x22,0xcc,0x2b,0xed,0x16,0x24,0xd7,0xcb,0xb6,
  0xcc,0xeb,0x6f,0x36,0x70,0x25,0x58,0x27,0x8c,0x2c,0xf6,0x2e,0xa6,0x2f,0x6c,0x25,
  0xe6,0x84,0x74,0x31,0x59,0x6d,0x6,0x32,0xd1,0x2b,0xe9,0x40,0x57,0x68,0x35,0x5b,
  0x49,0x97,0x36,0x9c,0x8e,0x90,0xb3,0x1f,0x61,0xe6,0xbd,0xa6,0x73,0xf1,0x65,0x4e,
  0x67,0x97,0xbe,0x18,0xba,0xc2,0x63,0xb1,0x61,0x2f,0xbd,0xbd,0x3e,0xfc,0x60,0x62,
  0xb8,0x2b,0x2,0x86,0xdd,0x5a,0x30,0x9,0x30,0x9d,0xc5,0xd,0x74,0x30,0x3d,0x51,
  0x29,0xd2,0xbd,0xfe,0x74,0xc6,0x3e,0x2,0xcb,0x2f,0x99,0x96,0xb6,0x40,0x86,0x82,
  0x7e,0x88,0xbc,0x1c,0xa2,0x1d,0x25,0x88,0xc8,0xb7,0x5a,0x21,0x4d,0x1,0x89,0xdd,
  0xda,0x60,0x61,0xda,0x40,0xd9,0x69,0x56,0xae,0x86,0xbe,0xde,0xad,0x25,0xa3,0x30,
  0xa7,0xec,0x25,0x8c,0xc2,0x8b,0x93,0xdc,0x8d,0xc2,0x49,0x5a,0x78,0x7c,0xa3,0x41,
  0xc9,0x88,0x78,0x32,0xb8,0x9d,0xa,0x46,0x8f,0xab,0xe8,0xef,0x69,0x4e,0xc1,0xe8,
  0x72,0x6d,0xa4,0xab,0x15,0x8d,0x6c,0xbc,0x7a,0xb1,0xea,0x7e,0x59,0xa9,0xe5,0x90,
  0xe9,0x4b,0x24,0x2f,0x64,0x65,0x60,0xd4,0x46,0x3d,0xa,0xd4,0x4a,0xda,0x22,0x12,
  0x62,0x22,0x4a,0x25,0xee,0xb2,0x13,0xd8,0xc8,0x84,0x26,0x30,0x8f,0xb5,0xb0,0xe2,
  0xe,0x52,0xb1,0x29,0x6e,0x22,0x77,0xbb,0xed,0xd4,0xf8,0x32,0x55,0xa0,0x8e,0x96,
  0xab,0x40,0x3d,0xe,0xd,0xa8,0xa7,0xc5,0xa,0x50,0xc6,0xa1,0x0,0xf5,0xb4,0x58,
  0x1,0xea,0xb3,0xe9,0x3f,0x2d,0xd6,0x7d,0xb2,0xe,0xdd,0x27,0xfb,0xca,0xea,0x3e,
  0x2f,0xf5,0x2c,0x88,0x3a,0x7f,0xbc,0xfe,0xaf,0xab,0x5a,0xe8,0xe8,0xdb,0xd3,0xca,
  0xbd,0xd9,0x97,0xe6,0xf0,0x4e,0x85,0x73,0x78,0x87,0x3a,0xd6,0xb4,0x11,0xce,0xef,
  0xd8,0xbf,0xfd,0xb5,0xaf,0xaf,0x37,0xdb,0x6e,0x17,0x77,0xa0,0x83,0x7a,0xe6,0xc6,
  0xda,0xb3,0x19,0x14,0x34,0x72,0x6,0x37,0xa7,0x5e,0x92,0xbf,0xda,0x11,0xa1,0x31,
  0x83,0x71,0x4d,0x91,0xed,0xda,0xb3,0xf3,0xaf,0x2d,0xd9,0xf2,0xc2,0xab,0x44,0xb6,
  0x9a,0x1f,0xbb,0xed,0x64,0x4b,0xf9,0xf3,0x64,0x88,0xb8,0x3d,0x9,0x74,0xa0,0xbd,
  0x2a,0x3f,0x7d,0x55,0x9b,0xfb,0x16,0xc5,0x42,0xcf,0xcc,0xae,0x3d,0x3e,0xeb,0x76,
  0x65,0xa6,0x77,0x50,0xc4,0xc,0x87,0x62,0x90,0x46,0x0,0xba,0x28,0xc9,0xe7,0x30,
  0x41,0x6e,0x74,0x3b,0x24,0xa,0x2,0x87,0xc3,0xee,0x9e,0x21,0x19,0x99,0x95,0x46,
  0x39,0xd9,0xdc,0xcb,0xea,0xe,0x65,0x44,0xef,0x45,0x61,0xa7,0x16,0x40,0xfd,0x94,
  0x93,0x2a,0xe6,0xb9,0xaf,0x38,0x68,0xbd,0x7e,0x81,0x67,0xf,0x74,0xbb,0x75,0xd9,
  0x35,0xee,0x6d,0xaf,0xce,0xad,0x60,0x50,0x64,0x28,0x74,0x24,0x28,0x72,0xe4,0x87,
  0x6c,0xcd,0x93,0x91,0xc5,0xe8,0x12,0x74,0xf6,0xd9,0xad,0xf7,0xe,0x2e,0x5,0xe6,
  0x49,0xc1,0xb2,0x39,0xe9,0x7d,0x74,0x92,0x9f,0xec,0x42,0xf0,0xc,0x3e,0xe0,0xb1,
  0x8d,0x9b,0xed,0xe9,0xb1,0x68,0x9f,0xb6,0x0,0xfc,0x7d,0x92,0xd8,0xc0,0xbf,0x6a,
  0xa7,0xa4,0xc6,0xf4,0x8f,0x78,0xfc,0xcf,0xdf,0xad,0x4f,0xfd,0xea,0xc9,0xda,0x1b,
  0x63,0x4e,0x86,0x90,0xf2,0x41,0x37,0xcd,0xad,0x30,0x61,0xa2,0x43,0xa1,0xa2,0x41,
  0x74,0x7a,0xb7,0x9b,0xdd,0x57,0x70,0xee,0x3f,0xa,0xda,0x34,0x89,0xa8,0x10,0x26,
  0xe0,0x3d,0x28,0xdd,0x81,0x1e,0xb6,0xf8,0xde,0x81,0xa3,0xdb,0x87,0xda,0xe4,0xea,
  0x1b,0x68,0xa,0xf6,0x4d,0x5b,0x41,0xbb,0x2e,0x79,0x12,0x1d,0x4f,0x58,0xad,0x84,
  0x20,0x63,0xc,0x9b,0x2e,0x16,0x97,0x80,0x1f,0xfc,0x64,0x10,0x21,0x60,0x94,0x52,
  0x11,0x19,0x49,0xa8,0xe2,0x5d,0x9f,0x35,0x20,0x19,0x44,0x56,0xaf,0xe5,0x7c,0xd1,
  0x9b,0x80,0xba,0xeb,0xe,0xcd,0x4c,0x27,0xd3,0x1d,0xce,0x61,0x17,0xe8,0xa0,0x9b,
  0xf4,0x9f,0x30,0x53,0x11,0xd2,0xb9,0xc2,0xfa,0xa5,0xeb,0x61,0xb9,0x82,0x7f,0x2c,
  0x3b,0xc,0x57,0x78,0x6d,0x17,0x2f,0x2f,0xbc,0xfe,0x8b,0xd7,0xa0,0x85,0x70,0x8b,
  0xd7,0x7f,0xf6,0x5f,0xcb,0xf9,0x7a,0x85,0x16,0x6f,0xb0,0x82,0xeb,0xba,0xd2,0xed,
  0x87,0x6b,0x6a,0x3f,0x2f,0xab,0xf,0x2e,0xaf,0x3f,0x44,0x89,0xad,0xd4,0xeb,0xcf,
  0x95,0xeb,0xb3,0xad,0x3f,0x43,0x93,0x6e,0x3c,0x43,0xe3,0x7b,0xb4,0x97,0x4e,0x2d,
  0xd6,0xa1,0x8a,0xdc,0x88,0xbc,0x1b,0xf4,0x5c,0xb4,0xa7,0xde,0xed,0x1a,0x11,0x1d,
  0x4e,0x42,0x9d,0xf1,0x3,0xd4,0x4f,0xf9,0xba,0xbd,0x33,0x8c,0x9a,0xc,0xdb,0x9d,
  0xc9,0xa6,0x5c,0x8c,0x9a,0x43,0xa2,0x54,0xe0,0xa4,0xa4,0x1,0xd8,0xcd,0x66,0x73,
  0xb9,0x9c,0x37,0xa0,0x86,0x3d,0xf,0xcd,0x1e,0x6d,0x52,0xf4,0x3f,0x3,0x4b,0xbf,
  0xc3,0x4a,0x87,0x2c,0xe1,0xb1,0x57,0xbc,0xcf,0x9b,0x6,0x1f,0x8c,0x45,0xdc,0xe0,
  0xc6,0xe9,0xfa,0xf,0x57,0xd7,0x6f,0x4e,0x7b,0x9c,0xd9,0xa6,0x39,0xbb,0x1b,0xfe,
  0xcc,0x36,0x85,0xa9,0xad,0x9d,0x6e,0xb5,0x12,0x74,0x58,0x33,0xb8,0xa7,0x1d,0x66,
  0x30,0xd5,0x89,0x56,0x5c,0x35,0x58,0x43,0x60,0xeb,0xe,0xeb,0xb3,0x90,0xe,0x6d,
  0xf5,0x9a,0x2b,0xd5,0x3,0xc5,0x7e,0x5,0x43,0x20,0xd9,0x38,0xfb,0xc4,0xf2,0xd2,
  0xbe,0x2a,0x5b,0xe4,0xe5,0x89,0x24,0x7b,0x84,0x67,0xfe,0xc2,0xc4,0x63,0x83,0xfb,
  0x76,0x31,0xe8,0x88,0x8e,0x7,0x4c,0x2,0x6d,0xda,0xc,0x3b,0x2f,0xd9,0xb6,0xb8,
  0x27,0x86,0x6,0x77,0xe6,0x52,0x1,0x5d,0x31,0xee,0x41,0x7d,0xe7,0x1d,0x8f,0x1,
  0x45,0x9a,0x24,0xaa,0x9b,0xd,0x2c,0x3c,0x16,0xda,0xd9,0xcf,0x8e,0xe2,0x19,0xd2,
  0x8e,0xb1,0x74,0x4,0x52,0x2b,0xed,0x8e,0x5f,0x83,0xed,0x65,0x36,0x10,0x71,0x79,
  0x56,0xe6,0x46,0x45,0x69,0xa2,0x45,0x27,0xdb,0x91,0xa7,0xc5,0x82,0x23,0xfa,0xfd,
  0xa9,0xe1,0x6e,0xe,0xf0,0x5f,0x1,0xfa,0x98,0xfc,0xe,0x58,0xf9,0x92,0x79,0xe6,
  0x15,0x3f,0x58,0x1f,0xde,0x88,0x98,0x22,0x87,0x63,0xd5,0xd9,0x3f,0xc8,0x31,0x5d,
  0xf5,0x97,0x9b,0xea,0xc2,0xa5,0xda,0xd4,0xcf,0xb5,0x67,0x5f,0xab,0x37,0x56,0xdc,
  0x4b,0xfe,0x87,0xc4,0x17,0x5a,0x2f,0x43,0xf2,0xe4,0x48,0x42,0x3f,0xd3,0x1d,0x4,
  0x63,0x32,0x60,0xbf,0x2b,0x41,0xc4,0xf1,0x61,0x8b,0xb8,0x6c,0x86,0x7f,0xf8,0xb1,
  0x9,0xff,0x33,0x10,0xfa,0x47,0x3b,0xb,0x71,0x20,0x98,0x1c,0xbe,0x60,0x8a,0x68,
  0x81,0x0,0x41,0xec,0xdd,0x9d,0x49,0xe6,0x62,0x9d,0xcc,0x61,0x6e,0x2,0xbe,0x95,
  0x4b,0x99,0x32,0xfa,0x56,0x15,0x78,0x24,0x44,0xff,0x67,0x65,0x74,0x4b,0xe9,0xbf,
  0x7f,0x8b,0x31,0x93,0x9d,0xe1,0xea,0x4c,0xa7,0x2c,0x55,0xe2,0x2f,0xcd,0xd5,0xb8,
  0xe7,0xe3,0xff,0x3d,0x71,0xc2,0xa8,0x52,0x10,0x33,0x4d,0xd7,0x38,0x6c,0xab,0xb1,
  0xd2,0x82,0x1a,0x87,0x3e,0x36,0xaa,0xcb,0x8b,0x66,0x6d,0xa5,0x48,0x95,0x41,0xef,
  0x4e,0x1a,0xd5,0x89,0xdd,0x6e,0x9d,0xf3,0xaf,0xee,0xa0,0xff,0x6b,0x20,0x14,0x6e,
  0x14,0x68,0xaa,0x9f,0x4a,0xc9,0x74,0xd5,0xe,0x29,0xd8,0x54,0xa8,0xb,0x6,0x9d,
  0xa1,0x8c,0x22,0x1d,0xb,0x77,0x65,0xa1,0x69,0xca,0x8d,0xe4,0x3a,0x57,0xec,0x61,
  0x7b,0x73,0x7d,0xb9,0x58,0xd3,0xa1,0xd2,0xa8,0x83,0x6e,0xe4,0x9,0x7,0x4c,0x44,
  0x0,0x11,0x1c,0xc4,0xc2,0xa4,0xab,0x2b,0x16,0x11,0x1f,0x7d,0x21,0xca,0x85,0xbd,
  0x4e,0x31,0x9c,0x68,0x69,0x23,0x12,0xd,0x84,0xa1,0xa5,0x12,0x11,0x51,0xa9,0x97,
  0x44,0x38,0x2d,0x96,0xb8,0xb3,0x37,0x34,0x89,0x7b,0xe1,0x22,0x88,0x5b,0xbf,0x23,
  0x70,0xed,0xb0,0xd2,0xc,0x78,0xfd,0x90,0x29,0x55,0x1,0xd6,0xc,0xfc,0xed,0xd3,
  0xc2,0x7e,0x41,0x51,0x3f,0x83,0x17,0xf5,0xd0,0x88,0xde,0x8,0x92,0x37,0x8c,0xc5,
  0xf9,0xe2,0x71,0x58,0x43,0x33,0xd3,0x17,0xa4,0xf7,0x7a,0x21,0x26,0x6a,0x3c,0xb4,
  0x19,0x2b,0x5a,0xa3,0xa8,0x6b,0x27,0xd6,0x1e,0xcf,0x28,0x17,0xee,0xd7,0x2e,0x2f,
  0xb6,0xd8,0x7e,0xb,0xb7,0xa8,0x5e,0x3e,0x72,0x94,0x67,0x97,0x94,0xa9,0x19,0x66,
  0x70,0xef,0x2e,0x46,0xb9,0x3d,0x5b,0xbf,0x75,0x11,0x10,0xa3,0x5e,0xbe,0xaf,0x4e,
  0x7f,0x69,0x43,0xdb,0xc2,0xed,0xf5,0xfb,0x3f,0x84,0x45,0x55,0x9a,0xd6,0x8,0x63,
  0x73,0xb9,0x9e,0x8d,0x47,0x55,0xab,0xdc,0x8e,0xf5,0xef,0x66,0xd4,0x7,0xf,0xb5,
  0xb,0x74,0xda,0xe4,0x76,0xcc,0x64,0xdd,0xae,0xee,0x41,0x37,0x5,0x91,0xd6,0x9,
  0x5d,0x2b,0x8f,0x7e,0x55,0xe6,0x17,0xd,0x49,0xcc,0xd4,0x96,0xef,0x28,0x67,0xfe,
  0x45,0xee,0x83,0x78,0xb1,0x72,0xa6,0x2c,0x71,0x79,0xbe,0x8c,0xa4,0xb,0xb3,0x5,
  0x1d,0x58,0xdf,0x8b,0xbf,0xc3,0xf3,0x18,0x5b,0xd9,0x69,0x9,0xfc,0xe2,0xa8,0xc8,
  0xa6,0x8f,0xf3,0xf5,0xf1,0x71,0x22,0xe3,0xee,0xb5,0x75,0x72,0x5a,0x97,0xcf,0xa6,
  0x93,0xb3,0x3d,0x4e,0x4e,0x8d,0xcd,0x13,0x54,0x63,0x97,0xa6,0x79,0xe5,0x9e,0x20,
  0x8e,0x7f,0x6,0x96,0xf9,0x18,0xd0,0x38,0x61,0x10,0x58,0x4d,0xd7,0x6e,0xad,0x62,
  0x4a,0xa5,0xb0,0x73,0x92,0x69,0x95,0x80,0x8c,0xa0,0x33,0x5a,0x18,0xe2,0xc2,0x2f,
  0xb5,0xb3,0x7f,0x28,0x73,0xab,0x7e,0x37,0xc1,0xbe,0x7c,0x7d,0xb1,0xc4,0xb,0x7c,
  0xa9,0x5a,0x32,0x6e,0xa0,0xcd,0xa6,0x28,0x94,0x40,0x63,0xea,0x1c,0x7c,0x3b,0xe0,
  0x1e,0xd2,0x20,0x52,0x41,0x8e,0x47,0x42,0x1,0xae,0x77,0x5d,0x44,0x63,0x66,0xce,
  0x12,0xb2,0x58,0xd6,0x79,0x7a,0x1f,0x5d,0x89,0x43,0xf8,0x5e,0x17,0xca,0x42,0x74,
  0x37,0x57,0x84,0xf1,0x47,0x59,0x7c,0x52,0x6,0xde,0x4d,0x41,0x1a,0x5c,0xd6,0x74,
  0x52,0xd0,0x6c,0x20,0x75,0x2a,0x6,0xfa,0x74,0x18,0x17,0x3e,0x99,0x17,0x2e,0x37,
  0x76,0x46,0xb,0x36,0x77,0x32,0x69,0xca,0x2c,0x64,0xc6,0xee,0x53,0xa3,0x99,0x31,
  0x6d,0xd3,0x29,0x5d,0x79,0x74,0x51,0x3e,0xe1,0xde,0x58,0xb3,0x56,0x8e,0xaf,0xa0,
  0xfd,0x56,0xb,0xbf,0x28,0xf7,0x2e,0x7a,0x6c,0x30,0x6c,0x89,0xa9,0x6c,0x27,0xd6,
  0x8f,0xe8,0x5d,0x2c,0x56,0xb2,0x6a,0x43,0x62,0x3,0x3b,0xc5,0xf6,0x33,0x87,0xc8,
  0x8e,0x3c,0x44,0xf3,0x51,0x2b,0xd1,0xc9,0x3e,0x43,0x5f,0x81,0xd3,0x91,0xa0,0x31,
  0x75,0x72,0xc7,0x58,0xc3,0xcf,0xc0,0xe3,0x63,0x14,0x61,0xac,0x56,0xf8,0x1b,0x22,
  0x3b,0x67,0xec,0xc6,0x2,0xb9,0x2f,0x85,0xfa,0xdc,0x0,0x35,0x25,0x13,0x89,0xa1,
  0x5e,0xbf,0x89,0xae,0xe3,0xc4,0x97,0x7c,0x2b,0xf7,0x9f,0xd4,0x9f,0x5d,0x7c,0xb1,
  0x32,0xad,0x5c,0xfc,0x1a,0xe8,0xb9,0x76,0x79,0xa1,0x7e,0xe5,0x39,0x35,0x49,0x53,
  0xc7,0xc5,0x9c,0x64,0xad,0x91,0xd,0x7d,0x21,0x8d,0x59,0x18,0x17,0x42,0xda,0xee,
  0x88,0xc3,0x97,0xc7,0x77,0x82,0x99,0x1e,0x22,0x33,0xa1,0xce,0x17,0x22,0x1c,0xf,
  0x43,0xc7,0x4d,0x44,0xdb,0xe5,0x21,0x65,0xdd,0xca,0x68,0x64,0x5d,0x86,0xd,0x82,
  0x58,0x56,0xc8,0xc3,0x50,0xda,0x75,0x57,0x46,0xa5,0xa4,0xe1,0xf7,0x18,0x94,0xcc,
  0x35,0x5c,0x9a,0xb4,0x10,0x59,0x89,0x74,0x93,0xa3,0xfb,0x95,0xe4,0x37,0x5,0x76,
  0x82,0x84,0x55,0x5b,0xc0,0x70,0xb2,0xf4,0x15,0x84,0xbf,0x7,0xbe,0x31,0x4a,0xd6,
  0xca,0x9b,0xdd,0xa9,0x6b,0xb7,0xdf,0xf4,0xae,0x6d,0xf0,0xa,0x99,0xa4,0xaa,0xe5,
  0x5c,0x8,0x5f,0x60,0x6b,0xb2,0xa0,0xb9,0x65,0x65,0xe9,0x1a,0x18,0x6f,0xed,0x95,
  0xa4,0x3a,0xe5,0xbc,0x92,0x64,0xad,0x55,0x48,0xbe,0x46,0x97,0x83,0xa1,0x92,0x75,
  0x45,0x89,0x67,0xb7,0x4a,0xc6,0x35,0x7d,0x43,0x58,0x8,0xf2,0xdc,0x68,0x8f,0xbe,
  0xd5,0x5b,0xf5,0x3a,0xf9,0xf5,0xc3,0xd8,0x69,0x1b,0x1e,0xa,0x8,0x61,0x6,0xbe,
  0xed,0xb1,0x0,0x75,0xfe,0xae,0x7a,0xfd,0x36,0x72,0x13,0xa8,0xd7,0x4e,0x38,0xe8,
  0x71,0x33,0x12,0x60,0x8f,0x4,0x28,0x17,0xee,0xaf,0x9f,0x7c,0x66,0xc4,0x3,0x6c,
  0x6e,0xee,0x37,0x34,0x1e,0xe0,0xc9,0xba,0x94,0xb9,0xd5,0xb5,0xd5,0x73,0x1b,0xe8,
  0x41,0x35,0x7d,0xbb,0x3d,0x4d,0x79,0x84,0x5a,0xee,0x75,0xa4,0x4e,0x68,0x63,0x8c,
  0x20,0x1b,0xe4,0x88,0x31,0xec,0x24,0xdd,0x92,0x49,0x83,0x5e,0x66,0x6c,0xb8,0x86,
  0x67,0x23,0x67,0x51,0x78,0x65,0x50,0x5b,0x1,0xe,0x67,0xf3,0xe9,0xb,0x4c,0xbc,
  0x54,0x4a,0xc4,0x6,0x5c,0x8c,0xd9,0x81,0x86,0x95,0x1b,0x4d,0xc,0x86,0x8a,0x2d,
  0xd9,0xff,0x90,0x7,0x7b,0x94,0x89,0xe8,0x83,0xc8,0x42,0x3d,0xfe,0xa5,0x7a,0xe3,
  0x2,0xd2,0x10,0xef,0x9c,0xab,0x3d,0x3d,0x43,0x34,0x44,0x65,0x7e,0xb1,0x76,0x65,
  0xba,0x7e,0xfd,0x7,0x74,0xc0,0x1,0x27,0x15,0x76,0xcb,0x20,0xd1,0xc0,0xe,0x28,
  0x55,0xad,0x40,0x57,0x5c,0x13,0xda,0xa0,0x6f,0x8,0xcc,0xb1,0xb3,0xc4,0xcc,0x16,
  0x62,0x82,0xf8,0x69,0x6a,0xde,0x2c,0x38,0xcc,0x51,0xdd,0x86,0x9,0x61,0xd4,0x8b,
  0xf3,0xb5,0x87,0x3f,0x90,0xdc,0x24,0xd6,0xa4,0x5f,0xc6,0xe1,0xd3,0x82,0x38,0xcc,
  0xb1,0x52,0x7e,0x2c,0x6e,0x3b,0xf3,0x81,0xec,0xe3,0xc3,0xdc,0xc4,0xb8,0x28,0xa1,
  0x5c,0x4,0x15,0xc,0xb1,0x93,0xe7,0x8a,0x5,0x7c,0xc1,0x66,0x52,0x96,0xf8,0x92,
  0xed,0x8c,0x4,0x3a,0x4f,0x63,0xc0,0x43,0xb3,0xb1,0x58,0xc3,0x11,0x12,0xef,0x44,
  0x2a,0xeb,0xab,0x97,0x94,0x53,0xb7,0x49,0x1f,0x95,0x8b,0x33,0xb5,0x3b,0xf,0x9c,
  0x67,0x57,0x8c,0xf3,0x94,0x2e,0x24,0x49,0x3a,0xf7,0x11,0x5f,0x91,0x77,0x23,0x5,
  0x9a,0x1c,0x2f,0xb5,0x75,0x6e,0x9c,0xc4,0xc,0x6,0xcb,0x7c,0x92,0x0,0xf,0x81,
  0x55,0xc5,0x55,0xf4,0xe,0x5b,0x41,0x3d,0x3a,0xa9,0xde,0xfb,0x11,0xc8,0x96,0xe0,
  0xb2,0x1f,0x7,0x25,0xb4,0xb2,0x3,0x9e,0x78,0xc7,0x62,0x47,0x9d,0x3a,0xae,0xce,
  0x4f,0x91,0x4b,0x66,0x89,0xe4,0x76,0x9d,0x83,0x23,0x55,0x4e,0x9a,0x18,0x4,0xbe,
  0x46,0x3a,0x1a,0x47,0xd9,0x70,0x76,0xd9,0xd3,0x36,0x5a,0xc6,0x30,0xc2,0xc9,0xf9,
  0xb1,0x3d,0x46,0x28,0x44,0x87,0x1e,0xf0,0x6,0xee,0xdd,0xc1,0x4e,0xe8,0xbc,0x96,
  0x2,0x7c,0xd0,0xd8,0xaf,0x41,0x1,0xac,0xf5,0x62,0x17,0xb2,0x4,0xe8,0xc1,0x3f,
  0x63,0x25,0x1,0xa5,0x17,0x69,0x2c,0xe0,0x3f,0x3,0x18,0xab,0x56,0x7c,0x26,0x93,
  0xc9,0x98,0xe7,0x24,0xac,0x3f,0xff,0x5e,0x3d,0x7f,0x9b,0xf9,0xcc,0xe8,0x3,0xb3,
  0xf6,0xfc,0xa6,0x72,0xe1,0x91,0x75,0x12,0x3c,0x8e,0x73,0xeb,0x47,0xb8,0xcd,0xfe,
  0x5b,0x45,0xae,0xe5,0xe8,0x36,0xa1,0xa5,0x4f,0x38,0xb6,0x80,0xb1,0x5,0xcf,0x48,
  0x9a,0x35,0x50,0x7f,0x30,0x95,0x6a,0x3d,0x5f,0x7b,0x7e,0x5d,0xb9,0x77,0xb5,0x76,
  0xf2,0x5e,0x7d,0x76,0x51,0x5b,0x12,0xf8,0xe6,0xf7,0xda,0xca,0x25,0xf8,0xdd,0xe,
  0x4e,0xae,0xaf,0x5,0x32,0xdc,0x8d,0xcf,0xed,0x7e,0x31,0xe9,0xa8,0xce,0xed,0xa8,
  0x97,0xd9,0xc7,0xc0,0x3,0x5f,0xb8,0x7a,0x74,0xd0,0xcb,0x28,0xe2,0x9e,0x6c,0x45,
  0xef,0xc2,0x81,0x7c,0x92,0x2f,0x1c,0x44,0x1d,0x29,0x8a,0x7a,0xa6,0x8d,0x9d,0x45,
  0x91,0x5,0x9a,0x4b,0xc2,0x2f,0x5a,0x9e,0xd,0xa6,0xc8,0xca,0xce,0x97,0xac,0x4c,
  0x5e,0x4e,0xfa,0x27,0x3e,0x30,0x75,0x7,0x51,0x26,0x78,0x1f,0x32,0x47,0xaf,0xf7,
  0xa2,0xf5,0x38,0x28,0x51,0xe0,0xc0,0x39,0xbf,0x6c,0xb9,0xcc,0x9,0x5,0xaf,0xa4,
  0x27,0x31,0x41,0xcb,0xc3,0x95,0x14,0xbc,0x53,0x9e,0xc4,0xd8,0x42,0x29,0x8d,0x81,
  0xd0,0x83,0xf,0x50,0x46,0x7,0xca,0x78,0x1,0x91,0x65,0x86,0xc1,0xf8,0x82,0x17,
  0x50,0x91,0x24,0xf3,0x42,0x53,0xe5,0x9,0x42,0x52,0x74,0xa1,0x9,0x73,0xd1,0x1a,
  0x12,0x94,0xb3,0x67,0x5f,0xd9,0x68,0x27,0xc8,0xd9,0x1b,0xeb,0xcf,0x9e,0x61,0xbe,
  0xda,0x30,0x35,0x38,0xb4,0xbb,0xf6,0xf8,0xae,0x75,0x45,0xbc,0x58,0x99,0xae,0x9d,
  0x78,0xa2,0x9c,0x7e,0x4a,0xf2,0x6f,0x39,0xa5,0x5,0x99,0x8b,0xbd,0x62,0xb9,0x5a,
  0x4e,0x8a,0x30,0xd,0xb6,0x65,0x36,0xe9,0xb1,0x8e,0x89,0x14,0xfc,0x84,0xab,0x54,
  0x8b,0x72,0xab,0x96,0x33,0xbe,0x13,0xa0,0x61,0x40,0xdb,0x3c,0x13,0xc1,0x79,0xf1,
  0x3e,0xb0,0x4,0xa7,0x56,0x95,0x33,0xf,0x94,0xe9,0x27,0xf5,0x53,0x33,0x28,0x8f,
  0x80,0x8e,0x6,0x94,0x86,0xec,0xc1,0xf5,0xf5,0xfb,0x57,0x94,0x53,0x7f,0xac,0x3d,
  0xfd,0x56,0x39,0xf5,0x5b,0xfd,0xf2,0xd2,0xfa,0xfd,0x99,0x98,0x27,0x89,0x12,0xb4,
  0xe0,0xeb,0x90,0x5c,0x4f,0x39,0x36,0x88,0x5a,0x97,0x99,0x74,0xf0,0x1d,0xef,0x65,
  0xf9,0x72,0xd6,0x22,0x4e,0xec,0x25,0xa2,0xcb,0x9,0x30,0x31,0x7b,0x41,0xb0,0x32,
  0x81,0x60,0x65,0x17,0x8,0x64,0x48,0xfd,0x74,0x42,0xfd,0x7e,0x1e,0x8c,0x4c,0xc0,
  0xff,0xfa,0xf3,0xcb,0xca,0xdc,0xf7,0x7a,0xa,0x91,0x69,0x82,0xf3,0xb5,0xa7,0xe7,
  0xad,0x54,0x49,0x38,0xf4,0xda,0xe3,0x7b,0x20,0xa5,0x60,0xbe,0xdc,0x93,0x4a,0xc4,
  0xdf,0x41,0x3d,0x3,0x5e,0x87,0x3b,0x88,0x34,0x25,0xa1,0x5a,0x2c,0xc6,0x6c,0xbf,
  0x80,0xee,0xf4,0xee,0xbb,0x26,0x57,0x45,0x6b,0xf6,0xa0,0xe7,0x89,0x5c,0x32,0x50,
  0x3b,0xb0,0xc7,0xa8,0x31,0x38,0x1e,0xb5,0x13,0xdc,0x15,0x5,0x93,0x6f,0x30,0x97,
  0xb,0xe4,0x71,0xad,0xe4,0x70,0x64,0xf1,0xfa,0xb3,0xb7,0xf6,0x31,0x36,0x53,0x53,
  0x24,0x5c,0x4d,0xd3,0x68,0xbc,0xf5,0x73,0x73,0x97,0xd,0x4e,0x1c,0x86,0x9f,0x6,
  0xe8,0x58,0xf9,0xd2,0xf7,0xea,0xec,0x1f,0x5a,0x4e,0x85,0x47,0xbf,0xaa,0x73,0xf,
  0xd5,0x6f,0x6d,0xba,0xbc,0x57,0x1f,0x75,0xe5,0x94,0xf4,0xd0,0x7a,0xb3,0x8b,0x77,
  0x37,0x75,0x28,0x47,0x76,0xa1,0x81,0x0,0x70,0xed,0x8a,0x9d,0x8e,0xe,0x7,0x60,
  0x1e,0x14,0x40,0xb1,0xc8,0xc1,0xd2,0x19,0x8d,0xc7,0xe,0x38,0xba,0x74,0xd0,0x68,
  0x2,0xe0,0xaa,0x60,0x80,0xc5,0x3a,0xdd,0x12,0x25,0xb9,0x90,0x54,0x6c,0x84,0x97,
  0x2a,0x5e,0xf0,0x5a,0xa4,0xfb,0x6f,0xc3,0x1f,0xef,0x41,0x57,0x2,0x80,0x42,0xcc,
  0x8f,0xd8,0x87,0x7f,0x20,0x75,0x10,0x1f,0xdd,0xdc,0xb3,0x65,0x30,0x46,0x33,0xd9,
  0xa6,0xea,0x4e,0x50,0xc9,0xf2,0x3e,0x13,0x6d,0xee,0xcb,0x6,0x1c,0xc2,0x17,0x8a,
  0xfa,0xad,0xda,0x3e,0x69,0x1,0x87,0x0,0x10,0x47,0xf0,0x6e,0x67,0xdc,0x52,0x8,
  0x5a,0x32,0x4a,0xd0,0xb7,0xa7,0x99,0xb,0x1a,0x1,0x93,0x2f,0x1,0x6d,0x12,0x20,
  0x94,0xb8,0xd1,0x2,0x4f,0xd1,0xe2,0x5f,0x25,0x49,0x94,0x3e,0xce,0xe3,0xec,0xa3,
  0x85,0x38,0x87,0xbe,0xed,0xae,0x8c,0x86,0xb0,0x66,0xd5,0x5f,0x4e,0x28,0xb7,0x7e,
  0x59,0x7f,0x78,0x9b,0x18,0x8a,0x7a,0xd,0x3,0x6e,0x4e,0x14,0xdd,0x4,0x9,0x4a,
  0x4b,0x14,0xca,0xc6,0xc5,0x76,0x96,0x66,0xe2,0x26,0x4c,0xdb,0x8,0xfe,0xfd,0x7f,
  0x16,0xbf,0x99,0x19,
    // MapPage.qml
  0x0,0x0,0x4,0x13,
  0x0,
  0x0,0xe,0x31,0x78,0xda,0xcd,0x56,0xdd,0x6a,0x1b,0x47,0x14,0xbe,0x37,0xf8,0x1d,
  0xa6,0x1b,0x28,0x36,0xa1,0x6b,0xad,0x2c,0xa5,0xf2,0x82,0x9,0xae,0x20,0x38,0xe0,
  0x94,0xc6,0x4d,0x93,0xeb,0xd1,0x6a,0x24,0x6d,0x33,0xbb,0xb3,0x19,0x8d,0xea,0x38,
  0x89,0xa1,0x4d,0x69,0xdc,0x94,0xa4,0xe,0x24,0x50,0x53,0x27,0xb5,0x1d,0x4a,0x8,
  0x34,0x38,0xe9,0x45,0xda,0xe2,0x46,0x16,0xf4,0x51,0x8a,0x57,0xb2,0xae,0xd2,0x47,
  0xe8,0x99,0xdd,0x95,0xac,0xd5,0xfe,0x48,0x6e,0x7b,0xd1,0x41,0x20,0x66,0xce,0x77,
  0x76,0xce,0x9c,0xbf,0xef,0x98,0x96,0xc3,0xb8,0x40,0x17,0xc5,0xc5,0x86,0x69,0x5c,
  0x45,0x59,0x55,0xcb,0x4f,0x4e,0x98,0xa1,0x43,0xb5,0xc8,0x6c,0xc1,0x19,0xad,0xc7,
  0x4b,0x97,0xf0,0x2a,0x6b,0x88,0x3a,0xd2,0xc2,0xc2,0x2b,0xa4,0x74,0xd9,0x24,0x2b,
  0xc1,0xf1,0xe4,0xc4,0xcc,0xc,0x72,0xb7,0xbf,0x75,0x7f,0xbb,0xed,0x3e,0x7e,0xe5,
  0x6e,0x1d,0x74,0x77,0x5f,0x77,0x9f,0x3c,0x45,0xef,0xa1,0xee,0xe7,0xdf,0x1f,0xb5,
  0xd6,0x51,0xf,0x7e,0x1a,0x2d,0x11,0x5c,0xa1,0x44,0xa8,0x9f,0xd6,0x51,0x7b,0xf3,
  0xa0,0xf3,0xe3,0xbe,0xaf,0x76,0xd8,0xbc,0xdf,0x69,0xee,0xbd,0x7d,0xf3,0xf5,0x61,
  0xb3,0xd5,0x79,0xf4,0xbc,0xfb,0xd3,0xa6,0x7b,0xf0,0x6b,0xe7,0xe1,0xb3,0xce,0xdd,
  0xf5,0xb7,0x6f,0xee,0xb9,0x5b,0x4d,0xf7,0xce,0x57,0xee,0xc6,0xcb,0xa3,0xbd,0x56,
  0xf7,0x3b,0x80,0xdd,0x9d,0x9c,0xf8,0x8,0x57,0x9,0xba,0x39,0x39,0x81,0x60,0x99,
  0x65,0x1d,0x59,0xd8,0x91,0x47,0xd2,0x18,0x79,0xe4,0x70,0xe6,0x10,0x2e,0x56,0x51,
  0x5d,0x70,0xd3,0xae,0x22,0xc3,0x14,0xab,0x1f,0x62,0x8b,0xe8,0x48,0x51,0x86,0x10,
  0x9c,0x60,0xea,0xc9,0x97,0x98,0xad,0xa3,0x4c,0xa2,0x14,0xb,0x4f,0xea,0xcb,0x4b,
  0xd8,0xb8,0x5a,0xe5,0xac,0x61,0xc3,0xd5,0xcb,0xc4,0x10,0xd8,0xae,0xd2,0xbe,0x3d,
  0x72,0x19,0x8c,0x32,0xe,0xb7,0x9d,0xca,0x6a,0xd9,0xf7,0x67,0x33,0xc1,0xa5,0x6b,
  0x3d,0xfd,0x22,0xa3,0xd,0xcb,0xf6,0xbd,0x3b,0xa8,0x86,0x6d,0xa3,0xc6,0x78,0x5d,
  0xad,0x98,0x94,0xea,0xc8,0xc1,0x9c,0xd8,0xe2,0x58,0x5a,0x77,0xb0,0x1,0xaf,0x19,
  0xb0,0x43,0x2e,0x70,0x7e,0x77,0xf7,0x97,0xee,0x97,0xcf,0xdb,0x3b,0xeb,0xdd,0xa7,
  0x9b,0xed,0x9d,0x8d,0x63,0x59,0xac,0x6d,0x72,0xf9,0x57,0x7b,0xf7,0x5c,0x31,0xcb,
  0xa2,0xa6,0x23,0xc1,0x1b,0x24,0x16,0xe3,0x70,0x52,0x21,0x9c,0x93,0xf2,0x22,0x31,
  0xab,0x35,0xf0,0x42,0x3e,0x1b,0xc6,0x45,0xdf,0x1a,0x96,0x2f,0xb3,0x95,0xe8,0x4b,
  0xc7,0x7b,0xf1,0x30,0x8a,0x92,0x8a,0xb8,0x80,0x79,0xd5,0x84,0x50,0x69,0x67,0x92,
  0x71,0x5c,0x5a,0x3a,0x8,0x8c,0x42,0x3f,0x68,0x8,0xc1,0xec,0x38,0x93,0xe4,0x12,
  0xe4,0x3a,0xbc,0x54,0xf9,0xf3,0xce,0x3,0x74,0xd4,0x7a,0xe4,0x6e,0xfd,0xa0,0xc4,
  0xe3,0x92,0x7c,0x34,0x7b,0x26,0x1e,0x5f,0x81,0x72,0x53,0x1d,0xf3,0x3a,0xa1,0x1f,
  0x9b,0x37,0x20,0x1d,0xb5,0x5c,0x3c,0x6e,0x64,0x82,0xd,0x2f,0x8e,0xcb,0x66,0xa3,
  0xae,0xa3,0x42,0x32,0x24,0x88,0x93,0xef,0x63,0xb5,0xc6,0x3e,0x23,0x60,0x30,0x3a,
  0xb,0x81,0x9b,0xc5,0xb9,0x7c,0x3e,0xaf,0x20,0x2f,0x88,0x78,0x36,0x9b,0xcb,0x28,
  0xc9,0x9f,0x29,0x31,0x5e,0x26,0x5c,0xed,0x47,0x3d,0x50,0x1e,0xa9,0xb0,0xe2,0xe7,
  0x99,0x16,0xf,0x5c,0x8b,0x3f,0x36,0xc0,0x5f,0x60,0xed,0x79,0x41,0x2c,0x1d,0x9c,
  0x5d,0x22,0x34,0xcd,0x9,0x7e,0xd4,0x82,0x7,0xca,0xcd,0x48,0x67,0x28,0xa7,0xce,
  0x79,0x2b,0xc5,0xfc,0x71,0x43,0x26,0x17,0x24,0x9f,0x79,0x3,0xf0,0x98,0x2e,0x50,
  0xb3,0x6a,0x5b,0x60,0x87,0x8e,0x2e,0x81,0x21,0xaa,0xb7,0x5f,0x2c,0xc2,0x1,0xe1,
  0xc9,0xfa,0x10,0x12,0x61,0x1a,0x9,0xda,0x97,0xd3,0xb4,0x13,0xfc,0xc7,0xec,0x22,
  0x85,0x46,0x4e,0x20,0x8d,0xea,0x2,0x72,0x4a,0xf6,0x61,0xd5,0x61,0xce,0xd4,0x74,
  0x14,0xbf,0x16,0x57,0x26,0xa9,0x3e,0xf,0xaa,0xe4,0xaf,0xed,0x87,0xf7,0x91,0x2,
  0xed,0x3d,0xe8,0xc2,0x6a,0xaf,0xdd,0x8e,0x59,0x3,0x85,0x14,0x5c,0x89,0xd1,0x72,
  0x5c,0x73,0x3a,0x59,0x1c,0xc7,0x69,0x77,0xff,0x36,0x86,0xb1,0xee,0x93,0x89,0x8b,
  0x6e,0x46,0xda,0x44,0x60,0x44,0x21,0x33,0x1c,0xb7,0x81,0xed,0xda,0x50,0x93,0xf7,
  0xb9,0xd5,0xbd,0x7,0x9c,0xb9,0xd,0x54,0xd9,0x23,0x55,0xf7,0x9b,0x9d,0xa3,0x66,
  0xb3,0xfd,0xf8,0x5,0xc8,0xd1,0xe2,0xa5,0xb,0x4b,0x21,0x9a,0xf5,0xc8,0xf2,0xbf,
  0x64,0x3,0x89,0xe9,0x35,0xb9,0x28,0xa8,0x1f,0xd,0xd,0x6b,0x95,0x6c,0x21,0x42,
  0x5,0x3d,0xa3,0x63,0xf2,0x29,0x60,0x71,0x29,0xfe,0xa7,0x2c,0xd1,0xe0,0x54,0xf,
  0xe5,0x20,0x90,0x36,0x7a,0x67,0x7e,0x1e,0x65,0xd0,0xad,0x5b,0x61,0x1,0x74,0x7e,
  0x4f,0x90,0x50,0x8a,0xd0,0x14,0xaf,0x71,0x43,0x9f,0xb9,0x66,0xd1,0x19,0xd0,0x53,
  0x6b,0xc2,0xa2,0x67,0x29,0x16,0xf3,0xc3,0x59,0xe,0x37,0x24,0x56,0xf3,0x69,0xa4,
  0xbc,0x4b,0x99,0x1d,0xd5,0x61,0x76,0xaa,0x8e,0xd,0x95,0xe3,0x29,0x11,0xdb,0x60,
  0x65,0xf2,0xc9,0xf2,0xf9,0x22,0x83,0xc9,0xcb,0x86,0x37,0x4f,0xd,0x57,0xd8,0x74,
  0xc2,0x97,0x8e,0x7,0x9d,0xc4,0xf4,0x94,0x29,0xf5,0xe4,0x1,0xc,0xd,0x87,0xad,
  0xdd,0xf6,0x17,0x2f,0xdb,0xaf,0xf7,0xdc,0x9f,0x6f,0xf,0x31,0x77,0x1a,0xf3,0xf4,
  0x62,0x52,0x62,0x40,0xa4,0x56,0xbf,0xed,0xfa,0xdb,0x74,0xa,0xef,0x83,0xe5,0x66,
  0x4,0x8b,0xf7,0xb1,0xde,0x2e,0x19,0x6c,0x79,0x6c,0xf,0xc,0xa8,0x65,0xa3,0xa0,
  0x5a,0xa,0x2d,0xa7,0x30,0xe7,0xf1,0x64,0x93,0x44,0x8a,0x4c,0x8e,0x64,0x62,0x15,
  0x46,0x32,0x75,0x2e,0xae,0xfe,0x53,0x67,0x9f,0xf1,0x33,0x3b,0x71,0x6,0xca,0xa5,
  0x63,0xc3,0x73,0x50,0x2e,0xce,0xc2,0x91,0x4d,0x7e,0xa0,0xd1,0x77,0x7e,0xdf,0x70,
  0xf7,0x9f,0xe9,0x28,0x26,0xa3,0x55,0xc1,0xce,0x41,0x4b,0x2f,0x4f,0xe5,0xa6,0x65,
  0x12,0xff,0xf1,0xea,0x24,0x8c,0x9a,0x1d,0x83,0xa7,0xb,0x85,0xb9,0xb9,0x85,0x5,
  0xe5,0x44,0xec,0x17,0xee,0xbe,0x43,0xed,0x2d,0x49,0x69,0x6c,0x67,0xec,0xbf,0x88,
  0x77,0x6,0x16,0xff,0x3b,0x67,0xa4,0xb2,0x4c,0xf0,0x7,0xbf,0xbf,0x1,0x73,0x13,
  0xa1,0x96,
    // ThemePage.qml
  0x0,0x0,0x5,0x20,
  0x0,
  0x0,0x14,0xd,0x78,0xda,0xcd,0x58,0x5b,0x6b,0x1b,0x47,0x14,0x7e,0x37,0xf8,0x3f,
  0xc,0x2a,0x4,0x9b,0xa6,0x6b,0x49,0x96,0x5d,0x47,0xc5,0x4,0xc5,0x89,0x6b,0x83,
  0xdd,0xfa,0x46,0xfb,0x60,0xfc,0x30,0xda,0x1d,0x49,0x43,0x56,0x3b,0xea,0xec,0x6c,
  0x6c,0x27,0x8,0xd2,0xd2,0xd6,0x71,0x5b,0x11,0x97,0xa4,0x50,0xa8,0x5d,0x6c,0x53,
  0x48,0xfb,0xd0,0xd2,0x14,0xa,0x69,0xdd,0x90,0xff,0x12,0x2c,0xd9,0xfe,0x17,0x39,
  0xb3,0xbb,0xd2,0x5e,0xb4,0x17,0x39,0x69,0xa1,0x83,0xb1,0x34,0x73,0xce,0x99,0xcb,
  0xf9,0xbe,0x73,0xe6,0x8c,0x68,0xbd,0xc1,0xb8,0x40,0xcb,0x62,0xd9,0xa2,0xea,0x6d,
  0x94,0x57,0x72,0x13,0xc3,0x43,0x34,0x30,0xa8,0xcc,0x30,0x43,0x70,0xa6,0x9b,0xd1,
  0xd2,0x5,0xbc,0xcd,0x2c,0x61,0xa2,0x9c,0x2d,0x1c,0x1e,0x1a,0x1b,0x43,0xa7,0xcf,
  0x4e,0x2e,0x8e,0xbf,0x6f,0x3f,0xd8,0xe9,0xb4,0x8e,0x2f,0x8e,0xfe,0xbc,0x38,0x38,
  0x46,0xef,0xa0,0xb3,0xe7,0xdf,0x76,0xe,0xff,0x69,0x3f,0xfd,0xee,0xec,0xa7,0xbf,
  0x3b,0xbb,0xf7,0x3b,0xfb,0xbb,0x8e,0xda,0xf9,0xee,0x1f,0xed,0xd6,0xd1,0xf0,0xd0,
  0x12,0xae,0x12,0x74,0x6f,0x78,0x8,0x41,0xa3,0x5a,0x11,0x89,0x1a,0xa9,0x13,0x39,
  0x28,0x27,0x95,0x83,0xd,0xce,0x1a,0x84,0x8b,0x6d,0x74,0x7,0x73,0x47,0xba,0x88,
  0xd,0x90,0xf3,0x22,0x32,0x2c,0x5d,0xef,0xaa,0x95,0xb1,0x7a,0xbb,0xca,0x99,0x65,
  0xc0,0x1c,0x2b,0x44,0x15,0xd8,0xa8,0xea,0xbd,0x89,0x65,0x53,0x99,0xce,0x78,0x31,
  0x30,0x3,0xba,0x1e,0xe8,0x2a,0xe5,0xea,0x8c,0x54,0x42,0x45,0x94,0x79,0xeb,0xd6,
  0xd4,0x6c,0x61,0xf6,0x66,0xc6,0xb1,0x6f,0x76,0x57,0x1,0xb9,0x55,0x37,0x9c,0xb3,
  0xfb,0x27,0xc7,0x86,0x5a,0x63,0xdc,0x54,0x2a,0x54,0xd7,0x8b,0xa8,0x81,0x39,0x31,
  0x44,0xbf,0xb4,0x8e,0x79,0x95,0x1a,0x66,0x11,0xe5,0x26,0x3d,0xa1,0xd9,0xc0,0x2a,
  0x35,0xaa,0xce,0xa0,0x37,0xc,0xfe,0xec,0x1c,0xee,0x80,0xa3,0x3a,0x87,0xf,0xbd,
  0xd1,0x15,0xb6,0xd9,0xbf,0xb8,0x6c,0xce,0xa8,0xbd,0xfe,0xc7,0x54,0x13,0x35,0x38,
  0x28,0xb7,0x48,0xa4,0x4e,0x83,0x93,0xa,0xe1,0x9c,0x68,0x73,0x84,0x56,0x6b,0xa2,
  0x88,0xa,0x5,0xff,0xc2,0xb2,0xdd,0xb0,0x84,0x60,0x46,0x78,0xd,0xd9,0x4,0xd9,
  0x2,0x8b,0xcc,0xcb,0x2f,0xf7,0xd0,0xf9,0x8b,0xc7,0xed,0x1f,0x7e,0xcc,0xf4,0xeb,
  0xc4,0xad,0x33,0x3e,0xd9,0xaf,0xcb,0x8c,0x19,0x1d,0xe8,0x44,0x0,0xb5,0x55,0x1,
  0x10,0x7e,0x44,0xc9,0xa6,0x72,0x47,0xfe,0x6b,0xb0,0xc6,0xc8,0x68,0xd0,0xa0,0x19,
  0xde,0xe7,0x2,0x2e,0x13,0x3d,0x61,0x9b,0x17,0xf7,0x77,0x3b,0x5f,0xff,0xe2,0x10,
  0x2e,0x62,0xa3,0x15,0x60,0xb8,0xd2,0xa0,0x5b,0x44,0x5f,0xa5,0x77,0x49,0x11,0xe5,
  0xf3,0x31,0x3a,0x65,0xa6,0x6b,0x51,0x1e,0x1d,0x90,0x57,0x72,0x37,0x1e,0xb3,0x72,
  0xa5,0x7c,0x69,0xbc,0x14,0xef,0xb7,0x44,0xc,0x65,0x3,0x2e,0xd1,0xbb,0xb0,0x2d,
  0xac,0x97,0x74,0x5a,0x35,0xea,0xc0,0xb5,0x22,0x5a,0x83,0x35,0x14,0xbb,0x3f,0x37,
  0x3,0x3,0x84,0xa7,0xb8,0x6e,0x5e,0x90,0x3a,0xba,0xd7,0x87,0x95,0xbb,0xf0,0x54,
  0x16,0x35,0x25,0x5,0xdb,0xad,0xc3,0xd3,0xe7,0xad,0xd3,0x17,0x7,0x9d,0x6f,0x3e,
  0x75,0xe8,0xd8,0x7e,0xfa,0xc5,0xe9,0xb3,0x5f,0xbd,0xb9,0x9a,0x21,0xd2,0xb6,0x9f,
  0x3f,0x6a,0xef,0xb6,0x1c,0x97,0x77,0x1e,0xee,0x41,0xd4,0x7b,0xe2,0x48,0xb8,0x5c,
  0xa8,0xfc,0x76,0xd0,0x45,0x6f,0xa3,0x91,0x44,0x97,0xca,0xce,0x7,0xb8,0x4e,0xcc,
  0xf5,0xc0,0xb8,0x6a,0x71,0x19,0x7b,0xf3,0x86,0x46,0xb6,0x36,0xa4,0xbb,0x33,0x21,
  0xe,0x85,0x31,0xcf,0x15,0x82,0xf2,0x1,0xe0,0x34,0xad,0xf2,0x5a,0x0,0xd1,0x89,
  0xd2,0xbb,0xa5,0xa9,0x30,0xa2,0xae,0x67,0xb1,0x7,0xd1,0x72,0x1c,0x40,0x61,0x1f,
  0xfa,0x33,0xa4,0x93,0x3f,0x3d,0xf1,0xfb,0x9c,0x6a,0x32,0x48,0xde,0x20,0x1,0x48,
  0x9d,0x6e,0x4c,0xf6,0x2b,0xa9,0xa4,0x37,0x43,0x6e,0x32,0xdb,0x2f,0xeb,0x5a,0xe6,
  0xa6,0x42,0xc2,0x8a,0xce,0x36,0x8b,0xbd,0xfd,0x29,0xb3,0xd0,0x5d,0x20,0x15,0xb1,
  0xc6,0x56,0xa4,0x41,0x98,0x7f,0x75,0xa6,0x11,0x3d,0x25,0x6c,0x64,0xc7,0x4,0xf,
  0xaf,0x6f,0x84,0xad,0xc1,0x96,0x54,0xb1,0x0,0xfc,0x1c,0x1e,0xf7,0x7,0xc9,0xa6,
  0x7b,0x84,0x42,0x36,0x22,0x80,0xba,0x47,0x90,0xe7,0xeb,0x17,0x47,0x5e,0x1f,0xfe,
  0x96,0x9c,0xed,0xfd,0x8d,0x63,0x8d,0x5a,0x66,0x3f,0xcb,0x42,0x6c,0xb3,0x9d,0x71,
  0x13,0xb,0xac,0xa8,0x98,0x6b,0x36,0xb1,0xa2,0xf5,0xcb,0x8c,0x6b,0x92,0xe5,0x11,
  0x24,0xbd,0x72,0x5,0xc5,0x46,0x2,0x9a,0x9e,0x9e,0x46,0x54,0x7e,0x8b,0x9e,0x36,
  0xd8,0xae,0xfb,0xf6,0x83,0x55,0x15,0x26,0xe9,0x52,0xdd,0x1b,0x77,0x36,0x92,0xbe,
  0x53,0x17,0x86,0xd7,0xd8,0x29,0x6c,0x63,0x1c,0x96,0xcc,0x45,0x21,0xe4,0xc6,0xc9,
  0xc5,0xf1,0x3e,0x4,0xc9,0xc5,0xf1,0xe7,0xe7,0x4f,0x1e,0x74,0xe,0x8e,0xa2,0xf5,
  0xe0,0xca,0x8c,0xc3,0xd1,0x8f,0xa5,0x60,0x8d,0x2e,0x94,0xf2,0x7b,0xba,0x81,0xe,
  0xdc,0xee,0x59,0xc8,0x4e,0xba,0x9,0x77,0x68,0xe7,0xda,0x70,0x27,0x2c,0xd2,0x8c,
  0xbc,0xa2,0x21,0x1b,0xaf,0xdc,0x65,0x74,0x3e,0x41,0xa7,0x57,0x68,0x8c,0xc7,0xb9,
  0xd4,0x21,0x7f,0x83,0x40,0x60,0xf1,0x24,0x9f,0xf9,0xe2,0x77,0xdd,0x47,0x9,0xa7,
  0x7a,0xba,0x1a,0xcd,0x9e,0xab,0x83,0x30,0xf,0xf9,0x6c,0xa9,0xa,0xb5,0x41,0xf4,
  0x84,0xb,0xf2,0xb0,0x1b,0xc9,0x13,0xa6,0x6,0x71,0x44,0xb2,0x18,0x71,0x91,0xb1,
  0xbb,0x50,0xbb,0x5e,0x1b,0x45,0x63,0xa8,0x90,0x6e,0x3e,0x88,0xf7,0xc3,0x19,0x61,
  0x80,0x69,0xc3,0xc9,0x21,0xd9,0xa2,0x19,0x2f,0x8e,0x11,0x35,0x13,0x42,0xcb,0xad,
  0xe5,0xf7,0x5a,0x67,0x4f,0x7e,0x8f,0x56,0x8a,0xad,0xbd,0xc2,0x4,0x56,0xed,0xdb,
  0x6e,0xde,0x48,0xce,0x94,0x5e,0x29,0xe0,0xa1,0x6d,0xc0,0xfd,0x1e,0xaf,0xdd,0x77,
  0x93,0x4f,0xa6,0xe8,0x26,0x55,0x71,0xb1,0x9,0xb9,0x57,0xbb,0x5d,0xde,0x87,0x4e,
  0x49,0x3,0x35,0x28,0x14,0x4c,0x50,0x3c,0x9d,0xff,0xf6,0xa6,0x9e,0x2c,0x33,0x28,
  0xcb,0xeb,0xbd,0x4,0xe2,0x74,0xd3,0xcd,0xbc,0x7a,0xd1,0x29,0x3c,0x7a,0x13,0x84,
  0x5,0x83,0xee,0x60,0xd1,0x4e,0x49,0xc9,0x19,0xc9,0xc1,0xf2,0xf5,0xf2,0x7e,0xe6,
  0xe5,0xfe,0x23,0xd7,0x7b,0x19,0xbb,0x86,0xbb,0x4,0x9,0xf2,0x97,0xc0,0xd6,0x97,
  0x9e,0x2e,0x8f,0xee,0xd9,0x67,0x7f,0xb5,0x77,0x4e,0x9c,0xd7,0x6e,0xfc,0xd,0x65,
  0x83,0xdf,0xfe,0xea,0xe7,0xb3,0xc7,0x27,0xd1,0x4a,0xab,0xe4,0x13,0xb,0x36,0x41,
  0xa1,0x98,0x37,0x68,0x1d,0xb,0x1a,0xfd,0xee,0xea,0x36,0xf9,0x44,0x36,0xa1,0xf8,
  0x51,0x85,0x54,0x8f,0xd7,0xe3,0x96,0x61,0xd8,0xc9,0xbe,0x82,0x75,0x33,0x81,0xef,
  0x4b,0xee,0xeb,0x7a,0xa0,0xc5,0x6d,0x5c,0x1,0x7b,0x22,0xd2,0x63,0xd9,0xff,0x74,
  0x7,0x8,0x4d,0x15,0xeb,0x24,0x93,0x32,0x35,0x2b,0xa2,0xac,0x72,0x2d,0x9f,0xac,
  0xa5,0x59,0xdc,0xde,0xa8,0xa4,0x5f,0xf6,0xd2,0x39,0xef,0xff,0x78,0xe6,0x9c,0x92,
  0x1d,0xf8,0xc8,0x13,0x29,0xaa,0x4,0x9b,0x0,0xbb,0x22,0xb6,0x1b,0x10,0xc,0xb7,
  0x9c,0xce,0x87,0x96,0xb8,0x1,0x4f,0xeb,0x7f,0xef,0x7e,0x58,0x64,0x96,0x49,0x4a,
  0x9c,0xe0,0x41,0x92,0x56,0x7a,0x91,0x6c,0xc7,0xa6,0xc5,0x4d,0xc6,0x57,0x6b,0x58,
  0xee,0x1b,0x1e,0x4a,0x4b,0x8c,0x42,0x50,0x18,0xd5,0x39,0x6c,0x68,0x33,0xb6,0x2c,
  0xde,0x96,0x19,0x4b,0x9c,0x98,0x26,0x9,0x84,0x86,0x62,0x2,0x6a,0x22,0xfc,0xb,
  0x42,0xcc,0x4f,0xf,0x29,0xf8,0xd3,0x4a,0xf0,0x31,0x3a,0x3a,0x48,0x4d,0x11,0x7c,
  0x32,0x6e,0x52,0xa1,0xd6,0xd6,0xe4,0xd0,0x88,0x9d,0xe5,0x46,0xdf,0xfb,0xf,0x6e,
  0xf3,0x94,0xa1,0x66,0xe0,0xc5,0xe9,0x7e,0xc0,0xdf,0x2b,0x33,0xc6,0xd,0x92,
    // WeatherIcon.qml
  0x0,0x0,0x7,0x94,
  0x0,
  0x0,0x29,0xf0,0x78,0xda,0xed,0x5a,0xdd,0x73,0xd3,0x46,0x10,0x7f,0xcf,0x4c,0xfe,
  0x87,0xc3,0x9d,0x32,0x49,0x1b,0x9c,0xb3,0x2c,0x39,0x46,0x69,0xda,0x81,0x40,0x66,
  0x32,0x53,0xa,0x24,0x99,0xe9,0x4b,0x5f,0x14,0xfb,0xe2,0x68,0x6a,0x4b,0xae,0x2c,
  0x7,0xbb,0x81,0x99,0x32,0x90,0x96,0xf0,0x51,0xe8,0x10,0xa,0x85,0x94,0x16,0x8,
  0x43,0xea,0x81,0x36,0x40,0x4a,0x52,0x12,0xd2,0x7f,0x26,0x96,0xe3,0x27,0xfe,0x85,
  0xee,0x49,0xfe,0x90,0x64,0x49,0xfe,0xa6,0x79,0x40,0x93,0x19,0x47,0x77,0x7b,0xbb,
  0x77,0xb7,0xbb,0xbf,0xdd,0xbd,0x93,0x98,0x48,0xca,0x8a,0x8a,0x4e,0xab,0xa7,0xd3,
  0x62,0xe4,0x6b,0xc4,0xf8,0x3,0x5c,0x6f,0x4f,0x6f,0xcf,0xe0,0x20,0xca,0x5f,0x5e,
  0xd5,0xbe,0x3b,0x9f,0x5f,0xf9,0x43,0x5b,0x5b,0xca,0xdf,0xdb,0xd1,0x7e,0xff,0xa1,
  0xb0,0x75,0x71,0x77,0xeb,0x95,0xde,0x59,0x58,0x5a,0xd5,0x5e,0xde,0xe2,0xd1,0x97,
  0x44,0x50,0x67,0x89,0x32,0x1e,0x91,0x25,0x34,0x8f,0xce,0x18,0x6f,0x53,0xd9,0x24,
  0xe1,0x91,0x4f,0xfb,0x65,0xdd,0x37,0x8c,0x44,0xe8,0x1a,0x95,0xe3,0xb2,0xc2,0x23,
  0xe8,0x4b,0x90,0x13,0x82,0x24,0xc4,0x88,0xe2,0xaf,0xb4,0xa3,0x73,0x3a,0x47,0xd3,
  0x58,0xa4,0x2d,0xfd,0xa5,0x5d,0x3d,0xcf,0x23,0xe0,0x30,0x80,0xf2,0x2b,0x77,0x77,
  0x5f,0xff,0x34,0x80,0x8a,0x77,0xe8,0xcb,0xda,0xf5,0xe2,0xbd,0xd5,0x1,0xb4,0xbb,
  0xf9,0x4c,0xff,0xcd,0xaf,0x3c,0xd1,0x7f,0xb5,0xbb,0xeb,0xc6,0x3b,0xed,0xcf,0x95,
  0xfa,0x73,0xa5,0x7e,0xf8,0x2d,0xde,0xdb,0x0,0x12,0xfa,0xbb,0x3,0xc4,0xcb,0xb9,
  0xc2,0x6f,0x8f,0x7b,0x7b,0xc6,0x55,0x92,0x40,0xf3,0xbd,0x3d,0x8,0x1e,0x31,0xca,
  0x23,0x45,0x96,0x55,0xe3,0xed,0x8c,0x18,0x55,0x67,0x79,0xc4,0x60,0x6c,0xbc,0xcf,
  0x12,0x31,0x36,0xab,0x96,0x1a,0x8c,0xa6,0xa4,0x22,0x27,0x89,0xa2,0x66,0x51,0x4a,
  0x55,0x44,0x29,0x66,0x5f,0xbb,0x2e,0xc2,0x67,0x23,0x8d,0xe8,0xeb,0x35,0xed,0x88,
  0xef,0x83,0xb1,0xb1,0xc3,0x61,0x8c,0x9d,0x9,0x53,0x4,0x28,0xa3,0x82,0x92,0x35,
  0x51,0x1f,0x1d,0x62,0x8f,0xf9,0xca,0x73,0xa0,0x5a,0xba,0xb4,0xa2,0xfd,0xfc,0xcc,
  0xd0,0x52,0xe1,0xf9,0x56,0xfe,0xfe,0x15,0xa3,0x6b,0x26,0x2d,0x45,0x54,0x11,0xb4,
  0x22,0xa6,0x26,0xd3,0x92,0x94,0xed,0xeb,0x87,0xc6,0x79,0xa4,0x10,0x35,0xad,0x48,
  0xe6,0xc9,0xfa,0x45,0x29,0x4a,0x32,0x27,0x67,0xfa,0x74,0x7d,0xf5,0xa3,0x4f,0x47,
  0x10,0xa6,0x2a,0xb1,0x31,0x19,0x8d,0xcb,0xe9,0xa8,0xce,0xc5,0x9b,0x89,0xa1,0xad,
  0x32,0x9f,0xb3,0x67,0x9d,0xa9,0x40,0x97,0xee,0xa2,0x26,0x4,0x51,0xd2,0xa7,0x5b,
  0x47,0x14,0x28,0xbc,0xcc,0xe4,0xe0,0x41,0x37,0x92,0xd,0x20,0xf9,0xc4,0x93,0x22,
  0x57,0xa2,0xa8,0x9d,0xc8,0xa4,0x24,0x9f,0x69,0x6c,0x22,0x39,0xf7,0xd5,0x4c,0xcd,
  0xa6,0x81,0x4e,0x1,0x3e,0xf5,0x98,0x6c,0xd4,0xdb,0x35,0xb0,0x60,0x77,0x39,0x63,
  0x72,0xcc,0x98,0x6b,0x5d,0x39,0x3b,0x75,0xb5,0xb3,0xbc,0x63,0x92,0x53,0x31,0xb5,
  0x11,0xd3,0x43,0x5d,0x13,0x8c,0xe,0x5c,0xf4,0xf6,0x95,0xbd,0x37,0x4f,0xf3,0x2b,
  0xb9,0xe2,0x9d,0x97,0xe8,0x63,0xb4,0x77,0x71,0x31,0xff,0xfd,0x8b,0xfc,0xc2,0x62,
  0xe1,0xf5,0xbf,0x96,0x1,0x6,0x17,0xb3,0xc7,0xd1,0x67,0x4e,0x4c,0x89,0xd3,0x71,
  0x62,0xb8,0x9e,0xbf,0x62,0xaa,0x55,0x2,0x41,0x8a,0xcc,0xca,0x4a,0xca,0x1f,0x21,
  0x92,0xa,0x30,0x23,0xf1,0x28,0x29,0x28,0xf0,0x7f,0x79,0x5a,0x65,0x2f,0xd0,0x5,
  0x1a,0xc2,0xab,0x1d,0x13,0x24,0x9,0xcb,0x23,0x8a,0x59,0x22,0x7d,0x12,0x72,0x94,
  0xc4,0x79,0x14,0xb6,0xb6,0x4e,0x90,0x88,0x2a,0x48,0xb1,0x38,0xb1,0x93,0x9b,0x0,
  0x81,0x1d,0xae,0x40,0x41,0x10,0xd7,0x52,0x45,0xc,0x3f,0x35,0x16,0x53,0xf6,0xf2,
  0x5a,0x32,0x39,0x29,0x44,0x44,0x35,0xcb,0x23,0xec,0xf,0xd5,0xf6,0x66,0x78,0x74,
  0x38,0xc,0x5b,0x79,0x2,0x34,0xe3,0x8f,0xc8,0xa9,0x3e,0x5d,0x2f,0xe8,0x23,0xa3,
  0xe1,0xd4,0x38,0x1a,0x44,0x6c,0x3f,0xbc,0xe,0x61,0x74,0x8,0x31,0xb5,0xe3,0xb3,
  0xe6,0xf1,0x29,0x70,0x25,0xaf,0xf1,0x14,0xed,0xed,0xc,0x54,0x45,0x90,0x52,0x33,
  0xb2,0x92,0xe0,0xd1,0x84,0xac,0xa,0xba,0x7d,0x39,0x6c,0x89,0xa1,0x9e,0x18,0xd5,
  0x5e,0x59,0x2,0xcb,0x39,0x93,0xc9,0x8a,0x18,0x13,0x25,0x3f,0xac,0x8c,0x19,0x2e,
  0xbf,0xc0,0x34,0x9d,0x84,0x9f,0xab,0x6d,0x9a,0x24,0xdf,0xa4,0x41,0xe5,0xa2,0x10,
  0x3f,0x22,0x89,0x9,0x63,0x3e,0xf4,0xcf,0xd8,0x45,0xb7,0xa9,0x7d,0x91,0x4e,0x4c,
  0x13,0xa5,0x3a,0x62,0x1e,0xa9,0x32,0x88,0xf4,0xe3,0x61,0x14,0x4d,0x2b,0x7a,0x1b,
  0x8f,0x42,0x18,0x3b,0x49,0x74,0x1f,0x8f,0xfd,0xc1,0x6,0xc7,0xc7,0x65,0x39,0x99,
  0xe2,0x51,0x85,0x81,0x7f,0x5c,0x9a,0x11,0x25,0x51,0x25,0x75,0xd7,0x6c,0x7a,0x3d,
  0x67,0xb7,0x73,0xdd,0xcf,0xb4,0xe5,0xa7,0xbb,0x6f,0x6e,0x82,0xf6,0xc,0xe7,0xab,
  0x52,0xd8,0xdd,0xcb,0xdb,0x83,0x1c,0xec,0x3b,0x8c,0xab,0x6,0x1e,0xc6,0x66,0xe1,
  0x75,0x3d,0xa4,0x2c,0x67,0x46,0x8c,0xc7,0x9d,0x65,0xd0,0x47,0x11,0xa2,0x62,0x1a,
  0xb6,0x85,0x6d,0xdd,0x7b,0xca,0x36,0x69,0x31,0x6,0xa5,0x8e,0xa1,0xce,0x28,0x32,
  0x98,0x33,0xac,0x8e,0x2a,0x31,0x18,0xc2,0xce,0x54,0x55,0xc5,0x42,0xa0,0xc7,0xb8,
  0xb,0x8a,0xb5,0x36,0x54,0x34,0x5a,0xfc,0xf5,0x61,0xf1,0xc2,0xea,0xde,0x83,0x55,
  0xed,0xc2,0x82,0x95,0x64,0x8a,0x64,0x54,0xaf,0xed,0xf6,0x56,0xab,0xee,0xce,0xc0,
  0x1,0x72,0x87,0xaf,0xd2,0x4c,0x28,0x78,0xc4,0x57,0xdb,0x3f,0x23,0x4b,0xaa,0x3f,
  0x29,0x66,0x48,0x7c,0x52,0xfc,0x96,0x78,0xaa,0x86,0x26,0x20,0xf4,0xf1,0x79,0x19,
  0xac,0x65,0xa5,0xf6,0xb0,0x61,0xa4,0x7,0x3c,0x2a,0x6c,0xdf,0xd4,0x16,0x1e,0x16,
  0x9e,0x6c,0x41,0x96,0x59,0xb8,0x7b,0x11,0xda,0x5a,0x88,0x16,0xe5,0x9c,0xa4,0x91,
  0x70,0x61,0x33,0xf4,0x80,0xd9,0xd2,0x3,0xc,0xb6,0xfb,0xd9,0x8d,0x1f,0x41,0x25,
  0xc6,0xc4,0xde,0x6e,0x5f,0x2a,0xac,0x5e,0x83,0x44,0xf2,0xed,0xf6,0x55,0x63,0xc2,
  0x30,0xf3,0xb7,0xdb,0x8b,0xe6,0x38,0xe3,0xe2,0x17,0x65,0x61,0xd8,0x24,0xcc,0xbe,
  0xbd,0x65,0x8f,0x60,0x6c,0xed,0x66,0x6f,0xb0,0x26,0x82,0x56,0x3a,0x53,0x30,0xb1,
  0xc1,0x69,0x86,0xa,0x1b,0xa6,0xf1,0xc0,0x1e,0xab,0x5c,0x10,0x35,0xe3,0x64,0x68,
  0xce,0x38,0xc8,0x71,0x66,0x18,0xc,0x62,0xba,0x42,0x22,0x40,0xb4,0x89,0xf9,0x55,
  0x3d,0x3,0x3e,0x6e,0xbc,0x8c,0x4b,0x27,0xd3,0xea,0xa4,0x28,0x11,0x27,0x98,0x74,
  0x66,0xcd,0xe2,0xe,0xb0,0x6e,0xd0,0x49,0xbd,0xa0,0x76,0xf1,0x9a,0xd9,0x4,0x76,
  0x37,0xb7,0xf4,0x7f,0x9a,0x51,0x3b,0x63,0x52,0x3b,0xe7,0xa6,0x76,0xce,0x5d,0xed,
  0x2e,0x20,0x98,0xa1,0xbb,0xa2,0xeb,0x95,0xed,0xb8,0x5e,0x59,0xc6,0xbc,0xf9,0xc,
  0xd7,0x41,0xbd,0x6,0x71,0x7,0x58,0xb7,0xaf,0x57,0xd0,0x62,0xf1,0xc1,0x2b,0x8a,
  0xb6,0x8f,0x16,0x8a,0x8f,0xd7,0x1a,0x57,0x27,0xd7,0x35,0x6d,0x52,0x67,0xca,0xd6,
  0x22,0x40,0xfb,0xda,0xc,0xd,0x75,0x4d,0x9b,0x56,0x0,0x78,0x97,0xda,0xf4,0x8c,
  0x2f,0x50,0x13,0xea,0x65,0xc9,0xee,0xe6,0x95,0xbd,0x1b,0x6f,0xe0,0x4d,0xdb,0x5a,
  0x6f,0x21,0xb2,0x18,0x25,0x68,0xdb,0x71,0x25,0x84,0x6b,0x8d,0xaf,0x45,0xfc,0xb0,
  0xa7,0xd6,0x15,0x8b,0x63,0xda,0xc0,0x8f,0x0,0xae,0xd9,0xd9,0x7d,0xe1,0x9,0x87,
  0x38,0x77,0xff,0x35,0x74,0xda,0x70,0x91,0x17,0x6a,0xab,0xc8,0xb,0x84,0xdc,0x53,
  0x58,0xc6,0x23,0x4d,0x62,0x99,0x23,0xdc,0x18,0xe7,0x73,0x2c,0xee,0x58,0xc,0xc5,
  0x59,0xb9,0x62,0x62,0x9c,0xb,0xb8,0x50,0x4d,0xee,0xed,0x1,0x8,0xcd,0x96,0x40,
  0x9c,0x5,0x88,0xc3,0xd8,0x3c,0x9f,0x80,0x9b,0x1f,0x7f,0xe,0x2e,0x2c,0x28,0xcd,
  0x15,0x4b,0x21,0x8b,0xa0,0x2e,0x54,0x4a,0x5d,0xae,0xe,0x3,0xdd,0xab,0xe,0x5d,
  0xc6,0x37,0x28,0xbd,0x53,0xb5,0x65,0x1d,0x28,0xcd,0xe9,0x50,0x5a,0x7c,0x74,0x47,
  0x87,0xd2,0xdc,0xde,0xe5,0xe7,0xad,0x1c,0xe9,0xe8,0x87,0x68,0xef,0xa1,0x74,0x5f,
  0x42,0x29,0xd5,0x69,0xab,0xe7,0x65,0x6e,0x95,0x69,0xb5,0xde,0x1c,0x62,0xd9,0x6,
  0xea,0xcd,0x0,0xb,0xf8,0x53,0x3a,0xa4,0xfa,0x10,0x5,0xe9,0xd1,0x14,0xeb,0x1,
  0xad,0xc7,0x83,0x63,0xcc,0xd8,0x31,0x67,0x68,0xd,0xe2,0x2a,0x2b,0xc0,0xb2,0xa1,
  0x7e,0x60,0x18,0x60,0xb0,0x23,0xc4,0x72,0x5c,0x37,0x21,0xd6,0x92,0x1d,0x1,0xe2,
  0x5a,0x30,0xbf,0x93,0x18,0x6b,0x95,0xf4,0x6e,0x31,0x36,0xd3,0xdc,0xae,0x64,0x60,
  0xf,0x2,0x16,0x88,0x1b,0xe2,0x5a,0xc9,0x1a,0xbd,0x24,0x1c,0xea,0x98,0x84,0x7d,
  0x1b,0x95,0x98,0xe6,0xa3,0x12,0x6b,0x8b,0x2b,0xed,0x84,0xa5,0xe0,0xff,0x1e,0x96,
  0xe8,0x4d,0x1e,0x84,0xa5,0xdb,0xb9,0xc2,0xd2,0xdf,0x60,0x52,0x90,0x10,0xb6,0x10,
  0x96,0x2a,0xd7,0x32,0x9d,0x8f,0x4c,0xda,0xc6,0xf3,0xbd,0xc5,0x17,0xef,0xe3,0x53,
  0xfb,0xf1,0x49,0x57,0x71,0xb5,0x69,0x54,0x90,0xe6,0x84,0x94,0x7d,0xa6,0x19,0xea,
  0xe5,0x3a,0x2f,0xfb,0x4,0x4b,0x6b,0x8,0x9a,0xd6,0x50,0x9b,0x58,0xcb,0xd2,0x29,
  0x28,0xf6,0xa0,0xcb,0xc1,0x27,0xe7,0x0,0x8d,0x23,0x6a,0x6,0x8d,0xa0,0x18,0x51,
  0x47,0x21,0x6e,0x41,0x68,0xeb,0xf3,0x31,0x51,0x5f,0xff,0xb0,0x43,0x84,0x52,0x33,
  0xfe,0x48,0x1c,0x0,0x9c,0xee,0x69,0x1f,0x1e,0x40,0xf0,0xa7,0xcf,0x60,0xa0,0x24,
  0xdd,0x6d,0x10,0x3d,0x31,0x9f,0x54,0xb3,0xa0,0x83,0x11,0xfd,0x84,0xf5,0xf8,0xd1,
  0xe0,0x51,0x9f,0xb,0xed,0x34,0x89,0x89,0x30,0x61,0x75,0xb6,0xcf,0x8d,0x5b,0x42,
  0x9e,0x23,0x53,0x72,0x5f,0x80,0x83,0x9,0xb8,0xd1,0xc4,0x1,0xf7,0x80,0x6,0x48,
  0x18,0xae,0xe,0x4d,0x20,0xdc,0x8,0x11,0x2c,0x35,0x54,0x4f,0x1a,0x43,0x39,0x31,
  0xf5,0x38,0x71,0xd,0x10,0x31,0x8c,0xc7,0xda,0x22,0x71,0x39,0x45,0x3c,0x77,0x88,
  0xee,0x77,0x4d,0xa7,0xd3,0xd9,0x3c,0xb5,0xbf,0xb,0xe7,0xb5,0x5b,0x97,0xb4,0xfb,
  0xcb,0xd,0x1d,0xcd,0x78,0xc0,0x7b,0x3b,0x5,0x87,0x1b,0xac,0x33,0x2d,0x8f,0xb5,
  0xc9,0xd,0x37,0x25,0xb6,0x91,0x29,0x9f,0x12,0xd2,0x29,0x62,0x1e,0x6a,0xbd,0x5a,
  0xe9,0xce,0xd1,0x5e,0x93,0x47,0x3,0x6c,0xf3,0x47,0x3,0x41,0xf3,0xa5,0x41,0x17,
  0x8e,0x6,0x38,0x73,0x9a,0xc8,0xb9,0x1e,0xd,0x74,0x29,0x6b,0x65,0x39,0x7b,0xf5,
  0x5a,0x9d,0x4d,0x18,0xef,0xb3,0xda,0xbf,0xa9,0x94,0x61,0x67,0xb0,0xb8,0xbc,0xc3,
  0x23,0x6d,0x6d,0x3d,0xff,0xcf,0x4b,0x28,0x68,0x8d,0x5b,0x27,0x68,0xd7,0xd6,0x96,
  0x5a,0x48,0x1e,0xf4,0x6f,0x2d,0x3a,0x7c,0xeb,0x54,0xc7,0x58,0xb9,0xe6,0x8d,0x35,
  0x60,0x3d,0xd9,0x71,0x30,0xa7,0xca,0x55,0xaf,0xc7,0x45,0x6d,0x27,0xbe,0x72,0x8,
  0x9a,0x2b,0x3c,0x86,0x56,0x78,0x0,0x5e,0x8e,0x1e,0x10,0x70,0x2e,0xd6,0x18,0x6b,
  0xfd,0xd4,0x44,0xe5,0xd6,0x64,0x8d,0xc2,0x70,0xc3,0x76,0xa8,0xaa,0xa,0xe,0xe2,
  0xce,0x96,0x2b,0x1,0xdc,0x15,0x61,0xef,0xc4,0xa7,0x8c,0xf,0xdc,0x68,0x1a,0xfe,
  0x67,0xfe,0xfa,0x46,0x33,0x3e,0x74,0xc0,0xfa,0xad,0xf,0xfd,0x32,0xeb,0x80,0xed,
  0x42,0xd7,0xdc,0x66,0x3f,0x8a,0x37,0x1e,0x13,0x41,0xe9,0x2b,0x2d,0x53,0x4b,0xf5,
  0x93,0x2b,0x53,0x63,0xc3,0x3e,0x5b,0xa5,0x71,0x3a,0xe1,0x68,0xec,0xde,0xbd,0x74,
  0x6,0xf2,0x99,0xd,0xe6,0xed,0x47,0x1f,0x61,0xec,0xd0,0x3f,0x2d,0xc7,0xa3,0x3c,
  0x52,0x95,0x34,0x69,0x3a,0xad,0x76,0xbe,0xb,0xae,0xaa,0x12,0xfe,0xfe,0x3,0x16,
  0x60,0x10,0x1b,
    // InfoCard.qml
  0x0,0x0,0x4,0xaa,
  0x69,
  0x6d,0x70,0x6f,0x72,0x74,0x20,0x51,0x74,0x51,0x75,0x69,0x63,0x6b,0x20,0x32,0x2e,
  0x31,0x35,0xd,0xa,0x69,0x6d,0x70,0x6f,0x72,0x74,0x20,0x51,0x74,0x51,0x75,0x69,
  0x63,0x6b,0x2e,0x43,0x6f,0x6e,0x74,0x72,0x6f,0x6c,0x73,0x20,0x32,0x2e,0x31,0x35,
  0xd,0xa,0x69,0x6d,0x70,0x6f,0x72,0x74,0x20,0x51,0x74,0x51,0x75,0x69,0x63,0x6b,
  0x2e,0x4c,0x61,0x79,0x6f,0x75,0x74,0x73,0x20,0x31,0x2e,0x31,0x35,0xd,0xa,0xd,
  0xa,0x2f,0x2f,0x20,0xe4,0xbf,0xa1,0xe6,0x81,0xaf,0xe5,0x8d,0xa1,0xe7,0x89,0x87,
  0xe7,0xbb,0x84,0xe4,0xbb,0xb6,0x20,0x2d,0x20,0xe6,0x96,0xb0,0xe8,0xae,0xbe,0xe8,
  0xae,0xa1,0xe9,0xa3,0x8e,0xe6,0xa0,0xbc,0xd,0xa,0x49,0x74,0x65,0x6d,0x20,0x7b,
  0xd,0xa,0x20,0x20,0x20,0x20,0x69,0x64,0x3a,0x20,0x69,0x6e,0x66,0x6f,0x43,0x61,
  0x72,0x64,0x52,0x6f,0x6f,0x74,0xd,0xa,0xd,0xa,0x20,0x20,0x20,0x20,0x70,0x72,
  0x6f,0x70,0x65,0x72,0x74,0x79,0x20,0x73,0x74,0x72,0x69,0x6e,0x67,0x20,0x6c,0x61,
  0x62,0x65,0x6c,0x3a,0x20,0x22,0x22,0xd,0xa,0x20,0x20,0x20,0x20,0x70,0x72,0x6f,
  0x70,0x65,0x72,0x74,0x79,0x20,0x73,0x74,0x72,0x69,0x6e,0x67,0x20,0x76,0x61,0x6c,
  0x75,0x65,0x3a,0x20,0x22,0x2d,0x2d,0x22,0xd,0xa,0x20,0x20,0x20,0x20,0x70,0x72,
  0x6f,0x70,0x65,0x72,0x74,0x79,0x20,0x76,0x61,0x72,0x20,0x74,0x68,0x65,0x6d,0x65,
  0x4d,0x61,0x6e,0x61,0x67,0x65,0x72,0x3a,0x20,0x6e,0x75,0x6c,0x6c,0xd,0xa,0xd,
  0xa,0x20,0x20,0x20,0x20,0x52,0x65,0x63,0x74,0x61,0x6e,0x67,0x6c,0x65,0x20,0x7b,
  0xd,0xa,0x20,0x20,0x20,0x20,0x20,0x20,0x20,0x20,0x61,0x6e,0x63,0x68,0x6f,0x72,
  0x73,0x2e,0x66,0x69,0x6c,0x6c,0x3a,0x20,0x70,0x61,0x72,0x65,0x6e,0x74,0xd,0xa,
  0x20,0x20,0x20,0x20,0x20,0x20,0x20,0x20,0x72,0x61,0x64,0x69,0x75,0x73,0x3a,0x20,
  0x31,0x30,0xd,0xa,0x20,0x20,0x20,0x20,0x20,0x20,0x20,0x20,0x63,0x6f,0x6c,0x6f,
  0x72,0x3a,0x20,0x74,0x68,0x65,0x6d,0x65,0x4d,0x61,0x6e,0x61,0x67,0x65,0x72,0x20,
  0x3f,0x20,0x74,0x68,0x65,0x6d,0x65,0x4d,0x61,0x6e,0x61,0x67,0x65,0x72,0x2e,0x63,
  0x61,0x72,0x64,0x43,0x6f,0x6c,0x6f,0x72,0x20,0x3a,0x20,0x22,0x23,0x46,0x46,0x46,
  0x46,0x46,0x46,0x22,0xd,0xa,0x20,0x20,0x20,0x20,0x20,0x20,0x20,0x20,0x62,0x6f,
  0x72,0x64,0x65,0x72,0x2e,0x63,0x6f,0x6c,0x6f,0x72,0x3a,0x20,0x74,0x68,0x65,0x6d,
  0x65,0x4d,0x61,0x6e,0x61,0x67,0x65,0x72,0x20,0x3f,0x20,0x74,0x68,0x65,0x6d,0x65,
  0x4d,0x61,0x6e,0x61,0x67,0x65,0x72,0x2e,0x62,0x6f,0x72,0x64,0x65,0x72,0x43,0x6f,
  0x6c,0x6f,0x72,0x20,0x3a,0x20,0x22,0x23,0x42,0x33,0x44,0x39,0x46,0x32,0x22,0xd,
  0xa,0x20,0x20,0x20,0x20,0x20,0x20,0x20,0x20,0x62,0x6f,0x72,0x64,0x65,0x72,0x2e,
  0x77,0x69,0x64,0x74,0x68,0x3a,0x20,0x31,0xd,0xa,0xd,0xa,0x20,0x20,0x20,0x20,
  0x20,0x20,0x20,0x20,0x43,0x6f,0x6c,0x75,0x6d,0x6e,0x4c,0x61,0x79,0x6f,0x75,0x74,
  0x20,0x7b,0xd,0xa,0x20,0x20,0x20,0x20,0x20,0x20,0x20,0x20,0x20,0x20,0x20,0x20,
  0x61,0x6e,0x63,0x68,0x6f,0x72,0x73,0x2e,0x63,0x65,0x6e,0x74,0x65,0x72,0x49,0x6e,
  0x3a,0x20,0x70,0x61,0x72,0x65,0x6e,0x74,0xd,0xa,0x20,0x20,0x20,0x20,0x20,0x20,
  0x20,0x20,0x20,0x20,0x20,0x20,0x73,0x70,0x61,0x63,0x69,0x6e,0x67,0x3a,0x20,0x34,
  0xd,0xa,0xd,0xa,0x20,0x20,0x20,0x20,0x20,0x20,0x20,0x20,0x20,0x20,0x20,0x20,
  0x4c,0x61,0x62,0x65,0x6c,0x20,0x7b,0xd,0xa,0x20,0x20,0x20,0x20,0x20,0x20,0x20,
  0x20,0x20,0x20,0x20,0x20,0x20,0x20,0x20,0x20,0x74,0x65,0x78,0x74,0x3a,0x20,0x69,
  0x6e,0x66,0x6f,0x43,0x61,0x72,0x64,0x52,0x6f,0x6f,0x74,0x2e,0x6c,0x61,0x62,0x65,
  0x6c,0xd,0xa,0x20,0x20,0x20,0x20,0x20,0x20,0x20,0x20,0x20,0x20,0x20,0x20,0x20,
  0x20,0x20,0x20,0x66,0x6f,0x6e,0x74,0x2e,0x70,0x69,0x78,0x65,0x6c,0x53,0x69,0x7a,
  0x65,0x3a,0x20,0x31,0x31,0xd,0xa,0x20,0x20,0x20,0x20,0x20,0x20,0x20,0x20,0x20,
  0x20,0x20,0x20,0x20,0x20,0x20,0x20,0x66,0x6f,0x6e,0x74,0x2e,0x62,0x6f,0x6c,0x64,
  0x3a,0x20,0x74,0x72,0x75,0x65,0xd,0xa,0x20,0x20,0x20,0x20,0x20,0x20,0x20,0x20,
  0x20,0x20,0x20,0x20,0x20,0x20,0x20,0x20,0x66,0x6f,0x6e,0x74,0x2e,0x6c,0x65,0x74,
  0x74,0x65,0x72,0x53,0x70,0x61,0x63,0x69,0x6e,0x67,0x3a,0x20,0x30,0x2e,0x35,0xd,
  0xa,0x20,0x20,0x20,0x20,0x20,0x20,0x20,0x20,0x20,0x20,0x20,0x20,0x20,0x20,0x20,
  0x20,0x63,0x6f,0x6c,0x6f,0x72,0x3a,0x20,0x74,0x68,0x65,0x6d,0x65,0x4d,0x61,0x6e,
  0x61,0x67,0x65,0x72,0x20,0x3f,0x20,0x74,0x68,0x65,0x6d,0x65,0x4d,0x61,0x6e,0x61,
  0x67,0x65,0x72,0x2e,0x73,0x75,0x62,0x54,0x65,0x78,0x74,0x43,0x6f,0x6c,0x6f,0x72,
  0x20,0x3a,0x20,0x22,0x23,0x35,0x41,0x37,0x41,0x38,0x41,0x22,0xd,0xa,0x20,0x20,
  0x20,0x20,0x20,0x20,0x20,0x20,0x20,0x20,0x20,0x20,0x20,0x20,0x20,0x20,0x4c,0x61,
  0x79,0x6f,0x75,0x74,0x2e,0x61,0x6c,0x69,0x67,0x6e,0x6d,0x65,0x6e,0x74,0x3a,0x20,
  0x51,0x74,0x2e,0x41,0x6c,0x69,0x67,0x6e,0x48,0x43,0x65,0x6e,0x74,0x65,0x72,0xd,
  0xa,0x20,0x20,0x20,0x20,0x20,0x20,0x20,0x20,0x20,0x20,0x20,0x20,0x7d,0xd,0xa,
  0x20,0x20,0x20,0x20,0x20,0x20,0x20,0x20,0x20,0x20,0x20,0x20,0x4c,0x61,0x62,0x65,
  0x6c,0x20,0x7b,0xd,0xa,0x20,0x20,0x20,0x20,0x20,0x20,0x20,0x20,0x20,0x20,0x20,
  0x20,0x20,0x20,0x20,0x20,0x74,0x65,0x78,0x74,0x3a,0x20,0x69,0x6e,0x66,0x6f,0x43,
  0x61,0x72,0x64,0x52,0x6f,0x6f,0x74,0x2e,0x76,0x61,0x6c,0x75,0x65,0xd,0xa,0x20,
  0x20,0x20,0x20,0x20,0x20,0x20,0x20,0x20,0x20,0x20,0x20,0x20,0x20,0x20,0x20,0x66,
  0x6f,0x6e,0x74,0x2e,0x70,0x69,0x78,0x65,0x6c,0x53,0x69,0x7a,0x65,0x3a,0x20,0x31,
  0x36,0xd,0xa,0x20,0x20,0x20,0x20,0x20,0x20,0x20,0x20,0x20,0x20,0x20,0x20,0x20,
  0x20,0x20,0x20,0x66,0x6f,0x6e,0x74,0x2e,0x62,0x6f,0x6c,0x64,0x3a,0x20,0x74,0x72,
  0x75,0x65,0xd,0xa,0x20,0x20,0x20,0x20,0x20,0x20,0x20,0x20,0x20,0x20,0x20,0x20,
  0x20,0x20,0x20,0x20,0x63,0x6f,0x6c,0x6f,0x72,0x3a,0x20,0x74,0x68,0x65,0x6d,0x65,
  0x4d,0x61,0x6e,0x61,0x67,0x65,0x72,0x20,0x3f,0x20,0x74,0x68,0x65,0x6d,0x65,0x4d,
  0x61,0x6e,0x61,0x67,0x65,0x72,0x2e,0x61,0x63,0x63,0x65,0x6e,0x74,0x43,0x6f,0x6c,
  0x6f,0x72,0x20,0x3a,0x20,0x22,0x23,0x32,0x31,0x39,0x36,0x46,0x33,0x22,0xd,0xa,
  0x20,0x20,0x20,0x20,0x20,0x20,0x20,0x20,0x20,0x20,0x20,0x20,0x20,0x20,0x20,0x20,
  0x4c,0x61,0x79,0x6f,0x75,0x74,0x2e,0x61,0x6c,0x69,0x67,0x6e,0x6d,0x65,0x6e,0x74,
  0x3a,0x20,0x51,0x74,0x2e,0x41,0x6c,0x69,0x67,0x6e,0x48,0x43,0x65,0x6e,0x74,0x65,
  0x72,0xd,0xa,0x20,0x20,0x20,0x20,0x20,0x20,0x20,0x20,0x20,0x20,0x20,0x20,0x7d,
  0xd,0xa,0x20,0x20,0x20,0x20,0x20,0x20,0x20,0x20,0x7d,0xd,0xa,0x20,0x20,0x20,
  0x20,0x7d,0xd,0xa,0x7d,0xd,0xa,0xd,0xa,
    // ThemeManager.qml
  0x0,0x0,0x4,0x40,
  0x0,
  0x0,0x10,0x11,0x78,0xda,0xad,0x97,0x5f,0x6f,0x9b,0x56,0x18,0xc6,0xef,0x2d,0xf9,
  0x3b,0x1c,0x11,0xad,0x6a,0xb4,0x2e,0x5,0x63,0x6c,0xa0,0xeb,0x24,0xc0,0x20,0x55,
  0xda,0x1f,0x45,0xea,0x5d,0x94,0xb,0x82,0x69,0xc2,0x16,0x43,0x46,0x70,0xd7,0xaa,
  0xaa,0xe4,0x9b,0x2e,0xb1,0x56,0x6f,0xad,0xba,0x24,0x6d,0x96,0x56,0x4a,0x9a,0xa9,
  0xce,0xa6,0x59,0xc9,0x16,0xa9,0xd9,0xd2,0x2d,0x5f,0xc6,0x80,0x7d,0xd5,0xaf,0xb0,
  0x83,0xc1,0x6,0xc,0x94,0x73,0x91,0xc3,0x8d,0x8f,0x79,0xdf,0xf7,0x3c,0xe6,0xf7,
  0xbc,0x87,0x63,0xad,0xb1,0x66,0x98,0x16,0x98,0xb7,0xe6,0x9b,0x9a,0xf2,0xd,0x28,
  0xcd,0x11,0x54,0xb1,0x50,0x2c,0x5c,0xbf,0xe,0xfa,0x67,0xe7,0xc3,0x83,0xe7,0x6e,
  0x6f,0xdf,0x7d,0xf2,0xbd,0xfd,0xa2,0xb,0x3e,0x1,0xf6,0xe1,0xee,0xf0,0x51,0x67,
  0xd0,0xfe,0xd3,0xd9,0xfe,0xdb,0xd9,0xdf,0x1c,0x45,0xd9,0x7b,0x5d,0xd0,0x90,0x35,
  0x7d,0xee,0xdb,0xc6,0x2a,0x4c,0xf9,0x63,0xd8,0xda,0x1d,0x5c,0x6c,0x0,0xad,0xce,
  0x2,0x6b,0x45,0x6d,0xa8,0x5f,0xc8,0xba,0xbc,0xac,0x9a,0xc0,0x7e,0xb7,0xe5,0xfe,
  0xdc,0x7d,0xff,0xee,0xb1,0xfd,0xa8,0x6b,0x9f,0xb4,0x6,0xbd,0x8b,0xe1,0x4e,0xaf,
  0x58,0x98,0xb7,0xbe,0x5a,0xfa,0x5a,0x55,0x2c,0xf0,0xa0,0x58,0x0,0x70,0x78,0x79,
  0xa6,0x61,0x58,0x9e,0x6,0x6f,0xee,0xad,0xf0,0xef,0x33,0xbb,0xdd,0x9,0xd4,0x9c,
  0x1e,0xc0,0x42,0xfe,0xad,0x35,0xd3,0x58,0x53,0x4d,0xeb,0x3e,0xd0,0x74,0xb,0x28,
  0x4d,0xd3,0x54,0x75,0xeb,0x96,0x5e,0x57,0xef,0xb1,0x0,0x8f,0xa4,0xfb,0x89,0xf6,
  0x93,0x8e,0xfb,0xe6,0xd8,0xde,0xdc,0x19,0xec,0x77,0xfd,0x5b,0xa6,0x2a,0xd7,0xd,
  0x7d,0xf5,0x7e,0x58,0xe7,0xae,0x6c,0xfa,0x9a,0xbf,0x94,0x1b,0xea,0x3a,0xb,0x16,
  0x30,0xfb,0xf0,0xc8,0x3d,0xfa,0x67,0xf0,0xec,0x25,0x76,0xd,0x60,0xce,0xeb,0x9e,
  0xf3,0x6a,0xc7,0x3d,0xbf,0x18,0x4d,0x76,0xb7,0x87,0xcf,0xff,0x72,0x8e,0x5e,0x78,
  0x93,0xc1,0xf6,0xf1,0x60,0xff,0xf5,0xa0,0xd3,0x76,0x4f,0x7f,0x1f,0xdd,0x7c,0x7b,
  0x62,0x1f,0xee,0xd,0xcf,0x9f,0x62,0x8b,0x11,0x21,0x4e,0xbb,0xe5,0xec,0xb5,0x7d,
  0x39,0xc1,0x63,0xdc,0x3a,0x76,0x3a,0xbd,0x5c,0x39,0x9e,0x14,0x3f,0x28,0xa8,0x84,
  0xb3,0x60,0xa2,0x2c,0xbc,0xf1,0x20,0xfc,0xe8,0xd,0x4c,0x87,0xbf,0x2,0x63,0x41,
  0xf4,0x47,0x4c,0x45,0x2c,0x2d,0xb,0xc6,0xaa,0x61,0xc2,0xa0,0xf1,0x37,0x33,0x22,
  0x2d,0x95,0xa5,0x5a,0x22,0x52,0x91,0xcd,0x7a,0x2c,0x16,0x9b,0x91,0x46,0x23,0x11,
  0x69,0xa9,0xf7,0xac,0xa9,0x48,0x82,0x2b,0x71,0x24,0x97,0x88,0x5c,0x6f,0x2e,0xdd,
  0x8e,0x5,0x63,0x33,0x14,0x57,0xe5,0xe8,0x64,0xa4,0xac,0x28,0x90,0x6d,0xa4,0x2a,
  0x36,0x53,0x22,0x98,0x8a,0x44,0x66,0x44,0x7e,0xae,0x2d,0xaf,0x58,0xe3,0x48,0x9e,
  0xaf,0x89,0x12,0x9f,0x88,0xd4,0x14,0x43,0x9f,0xd6,0xc9,0x54,0x2b,0xb5,0x52,0xf2,
  0x29,0x19,0x66,0x5d,0x35,0x63,0xab,0xf3,0x64,0x8d,0x91,0x92,0x91,0x96,0xbc,0xc4,
  0x29,0x96,0x76,0x57,0x1d,0x7,0x67,0xea,0x84,0x91,0xb7,0x74,0x79,0x2a,0x96,0xc1,
  0x5,0x4e,0x62,0xb0,0x30,0xf4,0xe1,0xb5,0x18,0x76,0x82,0x5,0x13,0xf,0xe6,0x63,
  0x8f,0xd8,0x15,0x9,0x3b,0x25,0x32,0x97,0x8c,0x9d,0x27,0x39,0x82,0x47,0xc5,0x4e,
  0x21,0x61,0x2f,0xc3,0x27,0x44,0xe1,0x28,0xd8,0x5,0x5a,0xac,0x8,0xc,0xa,0x76,
  0x92,0xa6,0x45,0x52,0x40,0xc1,0xce,0x51,0xb5,0xa,0x57,0x45,0xc1,0x9e,0xa1,0x33,
  0x15,0x7b,0x50,0x35,0x13,0x7b,0x9,0x62,0x1f,0xef,0x36,0x8,0xd8,0xc3,0x8d,0x29,
  0x1f,0x3b,0x24,0x49,0x8a,0xf8,0xe5,0x62,0x27,0x61,0xb7,0x13,0x48,0xdd,0x4e,0x43,
  0xec,0x15,0x24,0xec,0x92,0xc4,0xd0,0x38,0x12,0x76,0x49,0x12,0x71,0xbe,0x84,0x82,
  0x5d,0xa2,0xaa,0x42,0x4a,0xcd,0x14,0xec,0x92,0x24,0x8,0x34,0x8e,0x82,0x3d,0x43,
  0x67,0x2a,0x76,0x49,0xe2,0xab,0xe5,0x5a,0x36,0x76,0x92,0x5,0xd1,0xf7,0x4a,0x3e,
  0xf9,0xf8,0x5b,0x8,0x1,0x3e,0x29,0x52,0x12,0x75,0xb9,0xf0,0x3d,0xf4,0x68,0x5b,
  0xbd,0x87,0x1e,0x6d,0xab,0x67,0x84,0x52,0x95,0x47,0x82,0x2f,0x12,0xbc,0x28,0x56,
  0x51,0xe0,0x57,0x79,0x42,0xe2,0x90,0xb6,0x7a,0x41,0x64,0xc8,0x1a,0x8d,0x2,0x3f,
  0x43,0x67,0x2a,0xfc,0xa0,0x6a,0x26,0xfc,0x32,0xec,0xf9,0xf1,0x21,0x2,0xa1,0xe7,
  0x27,0xe7,0xd,0x4,0xec,0x44,0xc9,0xbb,0x50,0xb0,0x13,0x22,0x21,0x96,0x44,0x14,
  0xec,0x22,0xee,0x5d,0x28,0xd8,0x19,0xd1,0xbb,0x50,0xb0,0xf3,0x3c,0x5d,0x91,0x4,
  0x14,0xec,0x64,0x95,0xac,0xa6,0x6c,0xb6,0x29,0xd8,0x33,0x6a,0xa6,0x60,0x27,0xe1,
  0x28,0x97,0x51,0xb0,0x67,0xd4,0x4c,0xc5,0x4e,0xc1,0x51,0xa9,0x44,0xb1,0xfb,0x1f,
  0x17,0x33,0x8e,0xbb,0x1f,0x3a,0x1a,0x6,0x27,0xde,0xe0,0x98,0xbd,0xbe,0x10,0x3d,
  0x1,0x47,0xeb,0xf5,0xff,0xbb,0x70,0x3a,0x6f,0xed,0x93,0x57,0x4e,0xeb,0xd,0x3c,
  0xc3,0xbb,0xbf,0x9c,0x3a,0x3f,0xfe,0xea,0x9e,0x3f,0xb5,0x7b,0xbb,0xf6,0xe6,0xb1,
  0xbb,0xf5,0x78,0xf8,0xf2,0x20,0x6b,0x1d,0xc5,0x53,0xe,0x2,0x13,0x5,0x4f,0x31,
  0x58,0x67,0x61,0xe2,0xad,0xc5,0xf,0x67,0x4f,0x8c,0xc5,0xc6,0xb2,0x43,0xbf,0xe5,
  0xe4,0x4f,0xec,0x16,0xcf,0xf,0x5d,0x98,0x93,0x1f,0x35,0x21,0x1b,0xe6,0xc7,0xbc,
  0x99,0x53,0x22,0xe2,0x4e,0x36,0x22,0x21,0x6a,0x5a,0xa4,0xa,0x23,0xd7,0x26,0x2b,
  0xf8,0x66,0xce,0xa9,0x30,0x71,0x73,0xfc,0x31,0x84,0x26,0xcf,0xc9,0x8f,0x78,0x3c,
  0xaa,0x20,0x6a,0xfd,0x3c,0x10,0x31,0xef,0xb3,0x31,0x18,0xf1,0xb6,0xc8,0x2f,0x14,
  0x6b,0xd,0x36,0x56,0x28,0xde,0x35,0xb1,0xce,0xd8,0xdc,0x70,0x3a,0x7,0xd1,0xce,
  0xb8,0xd3,0xd4,0x61,0xac,0xa1,0x83,0xf5,0xef,0x34,0x4b,0x59,0xb9,0xed,0x75,0xc2,
  0x55,0xcd,0xeb,0x80,0xd9,0xe8,0x66,0xa9,0xdd,0x1,0xfe,0xb7,0xe0,0xb3,0x9b,0x0,
  0x7,0x57,0xae,0x0,0x7f,0xf6,0x69,0xd0,0x3b,0x73,0xab,0xaa,0xbe,0x6c,0xad,0xcc,
  0x4e,0x6f,0xb0,0xd1,0x96,0x2,0x37,0xfd,0xa4,0x1b,0x89,0xe6,0x7d,0x98,0x90,0x8,
  0xfb,0xaa,0x7f,0xf6,0x43,0xff,0xac,0xd5,0x3f,0xfb,0x2d,0x55,0xae,0xe,0x9d,0xe7,
  0x8b,0x8d,0xad,0x39,0xb5,0xde,0xd5,0xd8,0xfc,0x63,0x40,0xcc,0x82,0x8f,0xe2,0x8a,
  0x6f,0x24,0x15,0xf8,0xeb,0xc1,0x7f,0x96,0xc3,0x8d,0x9f,0xb2,0x30,0x8c,0xfe,0x30,
  0x1b,0xcd,0x70,0xf3,0x8,0xca,0x15,0xb,0xb0,0xd2,0xff,0x4,0x8b,0x94,0x1,
    // main.qml
  0x0,0x0,0x2,0x5c,
  0x69,
  0x6d,0x70,0x6f,0x72,0x74,0x20,0x51,0x74,0x51,0x75,0x69,0x63,0x6b,0x20,0x32,0x2e,
  0x31,0x35,0xd,0xa,0x69,0x6d,0x70,0x6f,0x72,0x74,0x20,0x51,0x74,0x51,0x75,0x69,
  0x63,0x6b,0x2e,0x43,0x6f,0x6e,0x74,0x72,0x6f,0x6c,0x73,0x20,0x32,0x2e,0x31,0x35,
  0xd,0xa,0xd,0xa,0x2f,0x2f,0x20,0xe5,0xba,0x94,0xe7,0x94,0xa8,0xe5,0x85,0xa5,
  0xe5,0x8f,0xa3,0xe9,0xa1,0xb5,0xe9,0x9d,0xa2,0x20,0x2d,0x20,0x53,0x74,0x61,0x63,
  0x6b,0x56,0x69,0x65,0x77,0x20,0xe5,0xaf,0xbc,0xe8,0x88,0xaa,0xe5,0xae,0xb9,0xe5,
  0x99,0xa8,0xd,0xa,0x41,0x70,0x70,0x6c,0x69,0x63,0x61,0x74,0x69,0x6f,0x6e,0x57,
  0x69,0x6e,0x64,0x6f,0x77,0x20,0x7b,0xd,0xa,0x20,0x20,0x20,0x20,0x69,0x64,0x3a,
  0x20,0x61,0x70,0x70,0x57,0x69,0x6e,0x64,0x6f,0x77,0xd,0xa,0x20,0x20,0x20,0x20,
  0x76,0x69,0x73,0x69,0x62,0x6c,0x65,0x3a,0x20,0x74,0x72,0x75,0x65,0xd,0xa,0x20,
  0x20,0x20,0x20,0x77,0x69,0x64,0x74,0x68,0x3a,0x20,0x39,0x36,0x30,0xd,0xa,0x20,
  0x20,0x20,0x20,0x68,0x65,0x69,0x67,0x68,0x74,0x3a,0x20,0x36,0x32,0x30,0xd,0xa,
  0x20,0x20,0x20,0x20,0x74,0x69,0x74,0x6c,0x65,0x3a,0x20,0x22,0xe5,0xa4,0xa9,0xe6,
  0xb0,0x94,0xe6,0x9f,0xa5,0xe8,0xaf,0xa2,0xe7,0xb3,0xbb,0xe7,0xbb,0x9f,0x22,0xd,
  0xa,0xd,0xa,0x20,0x20,0x20,0x20,0x2f,0x2f,0x20,0xe4,0xb8,0xbb,0xe9,0xa2,0x98,
  0xe7,0xae,0xa1,0xe7,0x90,0x86,0xe5,0x99,0xa8,0xef,0xbc,0x88,0xe5,0x85,0xa8,0xe5,
  0xb1,0x80,0xe5,0x8d,0x95,0xe4,0xbe,0x8b,0xef,0xbc,0x89,0xd,0xa,0x20,0x20,0x20,
  0x20,0x54,0x68,0x65,0x6d,0x65,0x4d,0x61,0x6e,0x61,0x67,0x65,0x72,0x20,0x7b,0xd,
  0xa,0x20,0x20,0x20,0x20,0x20,0x20,0x20,0x20,0x69,0x64,0x3a,0x20,0x74,0x68,0x65,
  0x6d,0x65,0x4d,0x61,0x6e,0x61,0x67,0x65,0x72,0xd,0xa,0x20,0x20,0x20,0x20,0x7d,
  0xd,0xa,0xd,0xa,0x20,0x20,0x20,0x20,0x2f,0x2f,0x20,0xe5,0xaf,0xbc,0xe8,0x88,
  0xaa,0xe6,0xa0,0x88,0xd,0xa,0x20,0x20,0x20,0x20,0x53,0x74,0x61,0x63,0x6b,0x56,
  0x69,0x65,0x77,0x20,0x7b,0xd,0xa,0x20,0x20,0x20,0x20,0x20,0x20,0x20,0x20,0x69,
  0x64,0x3a,0x20,0x73,0x74,0x61,0x63,0x6b,0x56,0x69,0x65,0x77,0xd,0xa,0x20,0x20,
  0x20,0x20,0x20,0x20,0x20,0x20,0x61,0x6e,0x63,0x68,0x6f,0x72,0x73,0x2e,0x66,0x69,
  0x6c,0x6c,0x3a,0x20,0x70,0x61,0x72,0x65,0x6e,0x74,0xd,0xa,0x20,0x20,0x20,0x20,
  0x20,0x20,0x20,0x20,0x69,0x6e,0x69,0x74,0x69,0x61,0x6c,0x49,0x74,0x65,0x6d,0x3a,
  0x20,0x4d,0x61,0x69,0x6e,0x50,0x61,0x67,0x65,0x20,0x7b,0xd,0xa,0x20,0x20,0x20,
  0x20,0x20,0x20,0x20,0x20,0x20,0x20,0x20,0x20,0x74,0x68,0x65,0x6d,0x65,0x4d,0x61,
  0x6e,0x61,0x67,0x65,0x72,0x3a,0x20,0x74,0x68,0x65,0x6d,0x65,0x4d,0x61,0x6e,0x61,
  0x67,0x65,0x72,0xd,0xa,0x20,0x20,0x20,0x20,0x20,0x20,0x20,0x20,0x7d,0xd,0xa,
  0x20,0x20,0x20,0x20,0x7d,0xd,0xa,0xd,0xa,0x20,0x20,0x20,0x20,0x2f,0x2f,0x20,
  0xe8,0x83,0x8c,0xe6,0x99,0xaf,0xe8,0x89,0xb2,0xe9,0x9a,0x8f,0xe4,0xb8,0xbb,0xe9,
  0xa2,0x98,0xe5,0x8f,0x98,0xe5,0x8c,0x96,0xd,0xa,0x20,0x20,0x20,0x20,0x62,0x61,
  0x63,0x6b,0x67,0x72,0x6f,0x75,0x6e,0x64,0x3a,0x20,0x52,0x65,0x63,0x74,0x61,0x6e,
  0x67,0x6c,0x65,0x20,0x7b,0xd,0xa,0x20,0x20,0x20,0x20,0x20,0x20,0x20,0x20,0x63,
  0x6f,0x6c,0x6f,0x72,0x3a,0x20,0x22,0x23,0x32,0x31,0x32,0x37,0x33,0x30,0x22,0xd,
  0xa,0x20,0x20,0x20,0x20,0x7d,0xd,0xa,0x7d,0xd,0xa,
    // map.html
  0x0,0x0,0xb,0x39,
  0x3c,
  0x21,0x44,0x4f,0x43,0x54,0x59,0x50,0x45,0x20,0x68,0x74,0x6d,0x6c,0x3e,0xd,0xa,
  0x3c,0x68,0x74,0x6d,0x6c,0x3e,0xd,0xa,0x3c,0x68,0x65,0x61,0x64,0x3e,0xd,0xa,
  0x20,0x20,0x20,0x20,0x3c,0x6d,0x65,0x74,0x61,0x20,0x63,0x68,0x61,0x72,0x73,0x65,
  0x74,0x3d,0x22,0x55,0x54,0x46,0x2d,0x38,0x22,0x3e,0xd,0xa,0x20,0x20,0x20,0x20,
  0x3c,0x6d,0x65,0x74,0x61,0x20,0x6e,0x61,0x6d,0x65,0x3d,0x22,0x76,0x69,0x65,0x77,
  0x70,0x6f,0x72,0x74,0x22,0x20,0x63,0x6f,0x6e,0x74,0x65,0x6e,0x74,0x3d,0x22,0x77,
  0x69,0x64,0x74,0x68,0x3d,0x64,0x65,0x76,0x69,0x63,0x65,0x2d,0x77,0x69,0x64,0x74,
  0x68,0x2c,0x20,0x69,0x6e,0x69,0x74,0x69,0x61,0x6c,0x2d,0x73,0x63,0x61,0x6c,0x65,
  0x3d,0x31,0x2e,0x30,0x22,0x3e,0xd,0xa,0x20,0x20,0x20,0x20,0x3c,0x74,0x69,0x74,
  0x6c,0x65,0x3e,0xe5,0x9f,0x8e,0xe5,0xb8,0x82,0xe5,0x9c,0xb0,0xe5,0x9b,0xbe,0x3c,
  0x2f,0x74,0x69,0x74,0x6c,0x65,0x3e,0xd,0xa,0x20,0x20,0x20,0x20,0x3c,0x6c,0x69,
  0x6e,0x6b,0x20,0x72,0x65,0x6c,0x3d,0x22,0x73,0x74,0x79,0x6c,0x65,0x73,0x68,0x65,
  0x65,0x74,0x22,0x20,0x68,0x72,0x65,0x66,0x3d,0x22,0x68,0x74,0x74,0x70,0x73,0x3a,
  0x2f,0x2f,0x75,0x6e,0x70,0x6b,0x67,0x2e,0x63,0x6f,0x6d,0x2f,0x6c,0x65,0x61,0x66,
  0x6c,0x65,0x74,0x40,0x31,0x2e,0x39,0x2e,0x34,0x2f,0x64,0x69,0x73,0x74,0x2f,0x6c,
  0x65,0x61,0x66,0x6c,0x65,0x74,0x2e,0x63,0x73,0x73,0x22,0x20,0x2f,0x3e,0xd,0xa,
  0x20,0x20,0x20,0x20,0x3c,0x73,0x63,0x72,0x69,0x70,0x74,0x20,0x73,0x72,0x63,0x3d,
  0x22,0x68,0x74,0x74,0x70,0x73,0x3a,0x2f,0x2f,0x75,0x6e,0x70,0x6b,0x67,0x2e,0x63,
  0x6f,0x6d,0x2f,0x6c,0x65,0x61,0x66,0x6c,0x65,0x74,0x40,0x31,0x2e,0x39,0x2e,0x34,
  0x2f,0x64,0x69,0x73,0x74,0x2f,0x6c,0x65,0x61,0x66,0x6c,0x65,0x74,0x2e,0x6a,0x73,
  0x22,0x3e,0x3c,0x2f,0x73,0x63,0x72,0x69,0x70,0x74,0x3e,0xd,0xa,0x20,0x20,0x20,
  0x20,0x3c,0x73,0x74,0x79,0x6c,0x65,0x3e,0xd,0xa,0x20,0x20,0x20,0x20,0x20,0x20,
  0x20,0x20,0x2a,0x20,0x7b,0x20,0x6d,0x61,0x72,0x67,0x69,0x6e,0x3a,0x20,0x30,0x3b,
  0x20,0x70,0x61,0x64,0x64,0x69,0x6e,0x67,0x3a,0x20,0x30,0x3b,0x20,0x7d,0xd,0xa,
  0x20,0x20,0x20,0x20,0x20,0x20,0x20,0x20,0x68,0x74,0x6d,0x6c,0x2c,0x20,0x62,0x6f,
  0x64,0x79,0x20,0x7b,0x20,0x77,0x69,0x64,0x74,0x68,0x3a,0x20,0x31,0x30,0x30,0x25,
  0x3b,0x20,0x68,0x65,0x69,0x67,0x68,0x74,0x3a,0x20,0x31,0x30,0x30,0x25,0x3b,0x20,
  0x7d,0xd,0xa,0x20,0x20,0x20,0x20,0x20,0x20,0x20,0x20,0x23,0x6d,0x61,0x70,0x20,
  0x7b,0x20,0x77,0x69,0x64,0x74,0x68,0x3a,0x20,0x31,0x30,0x30,0x25,0x3b,0x20,0x68,
  0x65,0x69,0x67,0x68,0x74,0x3a,0x20,0x31,0x30,0x30,0x25,0x3b,0x20,0x7d,0xd,0xa,
  0x20,0x20,0x20,0x20,0x20,0x20,0x20,0x20,0x2e,0x63,0x75,0x73,0x74,0x6f,0x6d,0x2d,
  0x6d,0x61,0x72,0x6b,0x65,0x72,0x20,0x7b,0xd,0xa,0x20,0x20,0x20,0x20,0x20,0x20,
  0x20,0x20,0x20,0x20,0x20,0x20,0x62,0x61,0x63,0x6b,0x67,0x72,0x6f,0x75,0x6e,0x64,
  0x3a,0x20,0x74,0x72,0x61,0x6e,0x73,0x70,0x61,0x72,0x65,0x6e,0x74,0x3b,0xd,0xa,
  0x20,0x20,0x20,0x20,0x20,0x20,0x20,0x20,0x20,0x20,0x20,0x20,0x62,0x6f,0x72,0x64,
  0x65,0x72,0x3a,0x20,0x6e,0x6f,0x6e,0x65,0x3b,0xd,0xa,0x20,0x20,0x20,0x20,0x20,
  0x20,0x20,0x20,0x7d,0xd,0xa,0x20,0x20,0x20,0x20,0x20,0x20,0x20,0x20,0x2e,0x6d,
  0x61,0x72,0x6b,0x65,0x72,0x2d,0x70,0x69,0x6e,0x20,0x7b,0xd,0xa,0x20,0x20,0x20,
  0x20,0x20,0x20,0x20,0x20,0x20,0x20,0x20,0x20,0x77,0x69,0x64,0x74,0x68,0x3a,0x20,
  0x33,0x30,0x70,0x78,0x3b,0xd,0xa,0x20,0x20,0x20,0x20,0x20,0x20,0x20,0x20,0x20,
  0x20,0x20,0x20,0x68,0x65,0x69,0x67,0x68,0x74,0x3a,0x20,0x34,0x32,0x70,0x78,0x3b,
  0xd,0xa,0x20,0x20,0x20,0x20,0x20,0x20,0x20,0x20,0x20,0x20,0x20,0x20,0x70,0x6f,
  0x73,0x69,0x74,0x69,0x6f,0x6e,0x3a,0x20,0x72,0x65,0x6c,0x61,0x74,0x69,0x76,0x65,
  0x3b,0xd,0xa,0x20,0x20,0x20,0x20,0x20,0x20,0x20,0x20,0x7d,0xd,0xa,0x20,0x20,
  0x20,0x20,0x20,0x20,0x20,0x20,0x2e,0x6d,0x61,0x72,0x6b,0x65,0x72,0x2d,0x70,0x69,
  0x6e,0x20,0x73,0x76,0x67,0x20,0x7b,0xd,0xa,0x20,0x20,0x20,0x20,0x20,0x20,0x20,
  0x20,0x20,0x20,0x20,0x20,0x77,0x69,0x64,0x74,0x68,0x3a,0x20,0x31,0x30,0x30,0x25,
  0x3b,0xd,0xa,0x20,0x20,0x20,0x20,0x20,0x20,0x20,0x20,0x20,0x20,0x20,0x20,0x68,
  0x65,0x69,0x67,0x68,0x74,0x3a,0x20,0x31,0x30,0x30,0x25,0x3b,0xd,0xa,0x20,0x20,
  0x20,0x20,0x20,0x20,0x20,0x20,0x20,0x20,0x20,0x20,0x66,0x69,0x6c,0x74,0x65,0x72,
  0x3a,0x20,0x64,0x72,0x6f,0x70,0x2d,0x73,0x68,0x61,0x64,0x6f,0x77,0x28,0x30,0x20,
  0x32,0x70,0x78,0x20,0x34,0x70,0x78,0x20,0x72,0x67,0x62,0x61,0x28,0x30,0x2c,0x30,
  0x2c,0x30,0x2c,0x30,0x2e,0x33,0x29,0x29,0x3b,0xd,0xa,0x20,0x20,0x20,0x20,0x20,
  0x20,0x20,0x20,0x7d,0xd,0xa,0x20,0x20,0x20,0x20,0x3c,0x2f,0x73,0x74,0x79,0x6c,
  0x65,0x3e,0xd,0xa,0x3c,0x2f,0x68,0x65,0x61,0x64,0x3e,0xd,0xa,0x3c,0x62,0x6f,
  0x64,0x79,0x3e,0xd,0xa,0x20,0x20,0x20,0x20,0x3c,0x64,0x69,0x76,0x20,0x69,0x64,
  0x3d,0x22,0x6d,0x61,0x70,0x22,0x3e,0x3c,0x2f,0x64,0x69,0x76,0x3e,0xd,0xa,0x20,
  0x20,0x20,0x20,0x3c,0x73,0x63,0x72,0x69,0x70,0x74,0x3e,0xd,0xa,0x20,0x20,0x20,
  0x20,0x20,0x20,0x20,0x20,0x2f,0x2f,0x20,0xe8,0xa7,0xa3,0xe6,0x9e,0x90,0x20,0x55,
  0x52,0x4c,0x20,0xe5,0x8f,0x82,0xe6,0x95,0xb0,0xd,0xa,0x20,0x20,0x20,0x20,0x20,
  0x20,0x20,0x20,0x66,0x75,0x6e,0x63,0x74,0x69,0x6f,0x6e,0x20,0x67,0x65,0x74,0x55,
  0x72,0x6c,0x50,0x61,0x72,0x61,0x6d,0x73,0x28,0x29,0x20,0x7b,0xd,0xa,0x20,0x20,
  0x20,0x20,0x20,0x20,0x20,0x20,0x20,0x20,0x20,0x20,0x76,0x61,0x72,0x20,0x70,0x61,
  0x72,0x61,0x6d,0x73,0x20,0x3d,0x20,0x7b,0x7d,0x3b,0xd,0xa,0x20,0x20,0x20,0x20,
  0x20,0x20,0x20,0x20,0x20,0x20,0x20,0x20,0x76,0x61,0x72,0x20,0x71,0x75,0x65,0x72,
  0x79,0x20,0x3d,0x20,0x77,0x69,0x6e,0x64,0x6f,0x77,0x2e,0x6c,0x6f,0x63,0x61,0x74,
  0x69,0x6f,0x6e,0x2e,0x73,0x65,0x61,0x72,0x63,0x68,0x2e,0x73,0x75,0x62,0x73,0x74,
  0x72,0x69,0x6e,0x67,0x28,0x31,0x29,0x3b,0xd,0xa,0x20,0x20,0x20,0x20,0x20,0x20,
  0x20,0x20,0x20,0x20,0x20,0x20,0x76,0x61,0x72,0x20,0x76,0x61,0x72,0x73,0x20,0x3d,
  0x20,0x71,0x75,0x65,0x72,0x79,0x2e,0x73,0x70,0x6c,0x69,0x74,0x28,0x27,0x26,0x27,
  0x29,0x3b,0xd,0xa,0x20,0x20,0x20,0x20,0x20,0x20,0x20,0x20,0x20,0x20,0x20,0x20,
  0x66,0x6f,0x72,0x20,0x28,0x76,0x61,0x72,0x20,0x69,0x20,0x3d,0x20,0x30,0x3b,0x20,
  0x69,0x20,0x3c,0x20,0x76,0x61,0x72,0x73,0x2e,0x6c,0x65,0x6e,0x67,0x74,0x68,0x3b,
  0x20,0x69,0x2b,0x2b,0x29,0x20,0x7b,0xd,0xa,0x20,0x20,0x20,0x20,0x20,0x20,0x20,
  0x20,0x20,0x20,0x20,0x20,0x20,0x20,0x20,0x20,0x76,0x61,0x72,0x20,0x70,0x61,0x69,
  0x72,0x20,0x3d,0x20,0x76,0x61,0x72,0x73,0x5b,0x69,0x5d,0x2e,0x73,0x70,0x6c,0x69,
  0x74,0x28,0x27,0x3d,0x27,0x29,0x3b,0xd,0xa,0x20,0x20,0x20,0x20,0x20,0x20,0x20,
  0x20,0x20,0x20,0x20,0x20,0x20,0x20,0x20,0x20,0x70,0x61,0x72,0x61,0x6d,0x73,0x5b,
  0x64,0x65,0x63,0x6f,0x64,0x65,0x55,0x52,0x49,0x43,0x6f,0x6d,0x70,0x6f,0x6e,0x65,
  0x6e,0x74,0x28,0x70,0x61,0x69,0x72,0x5b,0x30,0x5d,0x29,0x5d,0x20,0x3d,0x20,0x64,
  0x65,0x63,0x6f,0x64,0x65,0x55,0x52,0x49,0x43,0x6f,0x6d,0x70,0x6f,0x6e,0x65,0x6e,
  0x74,0x28,0x70,0x61,0x69,0x72,0x5b,0x31,0x5d,0x20,0x7c,0x7c,0x20,0x27,0x27,0x29,
  0x3b,0xd,0xa,0x20,0x20,0x20,0x20,0x20,0x20,0x20,0x20,0x20,0x20,0x20,0x20,0x7d,
  0xd,0xa,0x20,0x20,0x20,0x20,0x20,0x20,0x20,0x20,0x20,0x20,0x20,0x20,0x72,0x65,
  0x74,0x75,0x72,0x6e,0x20,0x70,0x61,0x72,0x61,0x6d,0x73,0x3b,0xd,0xa,0x20,0x20,
  0x20,0x20,0x20,0x20,0x20,0x20,0x7d,0xd,0xa,0xd,0xa,0x20,0x20,0x20,0x20,0x20,
  0x20,0x20,0x20,0x76,0x61,0x72,0x20,0x70,0x61,0x72,0x61,0x6d,0x73,0x20,0x3d,0x20,
  0x67,0x65,0x74,0x55,0x72,0x6c,0x50,0x61,0x72,0x61,0x6d,0x73,0x28,0x29,0x3b,0xd,
  0xa,0x20,0x20,0x20,0x20,0x20,0x20,0x20,0x20,0x76,0x61,0x72,0x20,0x6c,0x61,0x74,
  0x20,0x3d,0x20,0x70,0x61,0x72,0x73,0x65,0x46,0x6c,0x6f,0x61,0x74,0x28,0x70,0x61,
  0x72,0x61,0x6d,0x73,0x2e,0x6c,0x61,0x74,0x29,0x20,0x7c,0x7c,0x20,0x33,0x39,0x2e,
  0x39,0x30,0x34,0x39,0x39,0x3b,0xd,0xa,0x20,0x20,0x20,0x20,0x20,0x20,0x20,0x20,
  0x76,0x61,0x72,0x20,0x6c,0x6f,0x6e,0x20,0x3d,0x20,0x70,0x61,0x72,0x73,0x65,0x46,
  0x6c,0x6f,0x61,0x74,0x28,0x70,0x61,0x72,0x61,0x6d,0x73,0x2e,0x6c,0x6f,0x6e,0x29,
  0x20,0x7c,0x7c,0x20,0x31,0x31,0x36,0x2e,0x34,0x30,0x35,0x32,0x39,0x3b,0xd,0xa,
  0x20,0x20,0x20,0x20,0x20,0x20,0x20,0x20,0x76,0x61,0x72,0x20,0x6e,0x61,0x6d,0x65,
  0x20,0x3d,0x20,0x70,0x61,0x72,0x61,0x6d,0x73,0x2e,0x6e,0x61,0x6d,0x65,0x20,0x7c,
  0x7c,0x20,0x27,0xe5,0x9f,0x8e,0xe5,0xb8,0x82,0x27,0x3b,0xd,0xa,0xd,0xa,0x20,
  0x20,0x20,0x20,0x20,0x20,0x20,0x20,0x2f,0x2f,0x20,0xe5,0x88,0x9d,0xe5,0xa7,0x8b,
  0xe5,0x8c,0x96,0xe5,0x9c,0xb0,0xe5,0x9b,0xbe,0xd,0xa,0x20,0x20,0x20,0x20,0x20,
  0x20,0x20,0x20,0x76,0x61,0x72,0x20,0x6d,0x61,0x70,0x20,0x3d,0x20,0x4c,0x2e,0x6d,
  0x61,0x70,0x28,0x27,0x6d,0x61,0x70,0x27,0x2c,0x20,0x7b,0xd,0xa,0x20,0x20,0x20,
  0x20,0x20,0x20,0x20,0x20,0x20,0x20,0x20,0x20,0x63,0x65,0x6e,0x74,0x65,0x72,0x3a,
  0x20,0x5b,0x6c,0x61,0x74,0x2c,0x20,0x6c,0x6f,0x6e,0x5d,0x2c,0xd,0xa,0x20,0x20,
  0x20,0x20,0x20,0x20,0x20,0x20,0x20,0x20,0x20,0x20,0x7a,0x6f,0x6f,0x6d,0x3a,0x20,
  0x31,0x33,0x2c,0xd,0xa,0x20,0x20,0x20,0x20,0x20,0x20,0x20,0x20,0x20,0x20,0x20,
  0x20,0x7a,0x6f,0x6f,0x6d,0x43,0x6f,0x6e,0x74,0x72,0x6f,0x6c,0x3a,0x20,0x74,0x72,
  0x75,0x65,0xd,0xa,0x20,0x20,0x20,0x20,0x20,0x20,0x20,0x20,0x7d,0x29,0x3b,0xd,
  0xa,0xd,0xa,0x20,0x20,0x20,0x20,0x20,0x20,0x20,0x20,0x2f,0x2f,0x20,0xe4,0xbd,
  0xbf,0xe7,0x94,0xa8,0xe9,0xab,0x98,0xe5,0xbe,0xb7,0xe5,0x9c,0xb0,0xe5,0x9b,0xbe,
  0xe7,0x93,0xa6,0xe7,0x89,0x87,0xef,0xbc,0x88,0xe5,0x9b,0xbd,0xe5,0x86,0x85,0xe5,
  0x8f,0xaf,0xe8,0xae,0xbf,0xe9,0x97,0xae,0xef,0xbc,0x89,0xd,0xa,0x20,0x20,0x20,
  0x20,0x20,0x20,0x20,0x20,0x4c,0x2e,0x74,0x69,0x6c,0x65,0x4c,0x61,0x79,0x65,0x72,
  0x28,0x27,0x68,0x74,0x74,0x70,0x73,0x3a,0x2f,0x2f,0x77,0x65,0x62,0x72,0x64,0x30,
  0x7b,0x73,0x7d,0x2e,0x69,0x73,0x2e,0x61,0x75,0x74,0x6f,0x6e,0x61,0x76,0x69,0x2e,
  0x63,0x6f,0x6d,0x2f,0x61,0x70,0x70,0x6d,0x61,0x70,0x74,0x69,0x6c,0x65,0x3f,0x6c,
  0x61,0x6e,0x67,0x3d,0x7a,0x68,0x5f,0x63,0x6e,0x26,0x73,0x69,0x7a,0x65,0x3d,0x31,
  0x26,0x73,0x63,0x61,0x6c,0x65,0x3d,0x31,0x26,0x73,0x74,0x79,0x6c,0x65,0x3d,0x38,
  0x26,0x78,0x3d,0x7b,0x78,0x7d,0x26,0x79,0x3d,0x7b,0x79,0x7d,0x26,0x7a,0x3d,0x7b,
  0x7a,0x7d,0x27,0x2c,0x20,0x7b,0xd,0xa,0x20,0x20,0x20,0x20,0x20,0x20,0x20,0x20,
  0x20,0x20,0x20,0x20,0x73,0x75,0x62,0x64,0x6f,0x6d,0x61,0x69,0x6e,0x73,0x3a,0x20,
  0x5b,0x27,0x31,0x27,0x2c,0x20,0x27,0x32,0x27,0x2c,0x20,0x27,0x33,0x27,0x2c,0x20,
  0x27,0x34,0x27,0x5d,0x2c,0xd,0xa,0x20,0x20,0x20,0x20,0x20,0x20,0x20,0x20,0x20,
  0x20,0x20,0x20,0x61,0x74,0x74,0x72,0x69,0x62,0x75,0x74,0x69,0x6f,0x6e,0x3a,0x20,
  0x27,0xc2,0xa9,0x20,0xe9,0xab,0x98,0xe5,0xbe,0xb7,0xe5,0x9c,0xb0,0xe5,0x9b,0xbe,
  0x27,0x2c,0xd,0xa,0x20,0x20,0x20,0x20,0x20,0x20,0x20,0x20,0x20,0x20,0x20,0x20,
  0x6d,0x61,0x78,0x5a,0x6f,0x6f,0x6d,0x3a,0x20,0x31,0x38,0x2c,0xd,0xa,0x20,0x20,
  0x20,0x20,0x20,0x20,0x20,0x20,0x20,0x20,0x20,0x20,0x6d,0x69,0x6e,0x5a,0x6f,0x6f,
  0x6d,0x3a,0x20,0x33,0xd,0xa,0x20,0x20,0x20,0x20,0x20,0x20,0x20,0x20,0x7d,0x29,
  0x2e,0x61,0x64,0x64,0x54,0x6f,0x28,0x6d,0x61,0x70,0x29,0x3b,0xd,0xa,0xd,0xa,
  0x20,0x20,0x20,0x20,0x20,0x20,0x20,0x20,0x2f,0x2f,0x20,0xe8,0x87,0xaa,0xe5,0xae,
  0x9a,0xe4,0xb9,0x89,0xe7,0xba,0xa2,0xe8,0x89,0xb2,0xe6,0xa0,0x87,0xe8,0xae,0xb0,
  0xe5,0x9b,0xbe,0xe6,0xa0,0x87,0xd,0xa,0x20,0x20,0x20,0x20,0x20,0x20,0x20,0x20,
  0x76,0x61,0x72,0x20,0x63,0x75,0x73,0x74,0x6f,0x6d,0x49,0x63,0x6f,0x6e,0x20,0x3d,
  0x20,0x4c,0x2e,0x64,0x69,0x76,0x49,0x63,0x6f,0x6e,0x28,0x7b,0xd,0xa,0x20,0x20,
  0x20,0x20,0x20,0x20,0x20,0x20,0x20,0x20,0x20,0x20,0x63,0x6c,0x61,0x73,0x73,0x4e,
  0x61,0x6d,0x65,0x3a,0x20,0x27,0x63,0x75,0x73,0x74,0x6f,0x6d,0x2d,0x6d,0x61,0x72,
  0x6b,0x65,0x72,0x27,0x2c,0xd,0xa,0x20,0x20,0x20,0x20,0x20,0x20,0x20,0x20,0x20,
  0x20,0x20,0x20,0x68,0x74,0x6d,0x6c,0x3a,0x20,0x27,0x3c,0x64,0x69,0x76,0x20,0x63,
  0x6c,0x61,0x73,0x73,0x3d,0x22,0x6d,0x61,0x72,0x6b,0x65,0x72,0x2d,0x70,0x69,0x6e,
  0x22,0x3e,0x3c,0x73,0x76,0x67,0x20,0x76,0x69,0x65,0x77,0x42,0x6f,0x78,0x3d,0x22,
  0x30,0x20,0x30,0x20,0x33,0x30,0x20,0x34,0x32,0x22,0x20,0x78,0x6d,0x6c,0x6e,0x73,
  0x3d,0x22,0x68,0x74,0x74,0x70,0x3a,0x2f,0x2f,0x77,0x77,0x77,0x2e,0x77,0x33,0x2e,
  0x6f,0x72,0x67,0x2f,0x32,0x30,0x30,0x30,0x2f,0x73,0x76,0x67,0x22,0x3e,0x3c,0x70,
  0x61,0x74,0x68,0x20,0x64,0x3d,0x22,0x4d,0x31,0x35,0x20,0x32,0x20,0x43,0x32,0x30,
  0x20,0x38,0x2c,0x20,0x32,0x38,0x20,0x31,0x34,0x2c,0x20,0x32,0x38,0x20,0x32,0x30,
  0x20,0x43,0x32,0x38,0x20,0x32,0x38,0x2c,0x20,0x32,0x32,0x20,0x33,0x36,0x2c,0x20,
  0x31,0x35,0x20,0x34,0x30,0x20,0x43,0x38,0x20,0x33,0x36,0x2c,0x20,0x32,0x20,0x32,
  0x38,0x2c,0x20,0x32,0x20,0x32,0x30,0x20,0x43,0x32,0x20,0x31,0x34,0x2c,0x20,0x31,
  0x30,0x20,0x38,0x2c,0x20,0x31,0x35,0x20,0x32,0x20,0x5a,0x22,0x20,0x66,0x69,0x6c,
  0x6c,0x3d,0x22,0x23,0x45,0x37,0x34,0x43,0x33,0x43,0x22,0x20,0x73,0x74,0x72,0x6f,
  0x6b,0x65,0x3d,0x22,0x23,0x46,0x46,0x46,0x46,0x46,0x46,0x22,0x20,0x73,0x74,0x72,
  0x6f,0x6b,0x65,0x2d,0x77,0x69,0x64,0x74,0x68,0x3d,0x22,0x32,0x22,0x2f,0x3e,0x3c,
  0x63,0x69,0x72,0x63,0x6c,0x65,0x20,0x63,0x78,0x3d,0x22,0x31,0x35,0x22,0x20,0x63,
  0x79,0x3d,0x22,0x31,0x38,0x22,0x20,0x72,0x3d,0x22,0x35,0x22,0x20,0x66,0x69,0x6c,
  0x6c,0x3d,0x22,0x23,0x46,0x46,0x46,0x46,0x46,0x46,0x22,0x2f,0x3e,0x3c,0x2f,0x73,
  0x76,0x67,0x3e,0x3c,0x2f,0x64,0x69,0x76,0x3e,0x27,0x2c,0xd,0xa,0x20,0x20,0x20,
  0x20,0x20,0x20,0x20,0x20,0x20,0x20,0x20,0x20,0x69,0x63,0x6f,0x6e,0x53,0x69,0x7a,
  0x65,0x3a,0x20,0x5b,0x33,0x30,0x2c,0x20,0x34,0x32,0x5d,0x2c,0xd,0xa,0x20,0x20,
  0x20,0x20,0x20,0x20,0x20,0x20,0x20,0x20,0x20,0x20,0x69,0x63,0x6f,0x6e,0x41,0x6e,
  0x63,0x68,0x6f,0x72,0x3a,0x20,0x5b,0x31,0x35,0x2c,0x20,0x34,0x30,0x5d,0xd,0xa,
  0x20,0x20,0x20,0x20,0x20,0x20,0x20,0x20,0x7d,0x29,0x3b,0xd,0xa,0xd,0xa,0x20,
  0x20,0x20,0x20,0x20,0x20,0x20,0x20,0x2f,0x2f,0x20,0xe6,0xb7,0xbb,0xe5,0x8a,0xa0,
  0xe6,0xa0,0x87,0xe8,0xae,0xb0,0xd,0xa,0x20,0x20,0x20,0x20,0x20,0x20,0x20,0x20,
  0x4c,0x2e,0x6d,0x61,0x72,0x6b,0x65,0x72,0x28,0x5b,0x6c,0x61,0x74,0x2c,0x20,0x6c,
  0x6f,0x6e,0x5d,0x2c,0x20,0x7b,0x20,0x69,0x63,0x6f,0x6e,0x3a,0x20,0x63,0x75,0x73,
  0x74,0x6f,0x6d,0x49,0x63,0x6f,0x6e,0x20,0x7d,0x29,0xd,0xa,0x20,0x20,0x20,0x20,
  0x20,0x20,0x20,0x20,0x20,0x20,0x20,0x20,0x2e,0x61,0x64,0x64,0x54,0x6f,0x28,0x6d,
  0x61,0x70,0x29,0xd,0xa,0x20,0x20,0x20,0x20,0x20,0x20,0x20,0x20,0x20,0x20,0x20,
  0x20,0x2e,0x62,0x69,0x6e,0x64,0x50,0x6f,0x70,0x75,0x70,0x28,0x27,0x3c,0x62,0x3e,
  0x27,0x20,0x2b,0x20,0x6e,0x61,0x6d,0x65,0x20,0x2b,0x20,0x27,0x3c,0x2f,0x62,0x3e,
  0x3c,0x62,0x72,0x3e,0xe7,0xbb,0x8f,0xe5,0xba,0xa6,0x3a,0x20,0x27,0x20,0x2b,0x20,
  0x6c,0x6f,0x6e,0x2e,0x74,0x6f,0x46,0x69,0x78,0x65,0x64,0x28,0x34,0x29,0x20,0x2b,
  0x20,0x27,0xc2,0xb0,0x3c,0x62,0x72,0x3e,0xe7,0xba,0xac,0xe5,0xba,0xa6,0x3a,0x20,
  0x27,0x20,0x2b,0x20,0x6c,0x61,0x74,0x2e,0x74,0x6f,0x46,0x69,0x78,0x65,0x64,0x28,
  0x34,0x29,0x20,0x2b,0x20,0x27,0xc2,0xb0,0x27,0x29,0xd,0xa,0x20,0x20,0x20,0x20,
  0x20,0x20,0x20,0x20,0x20,0x20,0x20,0x20,0x2e,0x6f,0x70,0x65,0x6e,0x50,0x6f,0x70,
  0x75,0x70,0x28,0x29,0x3b,0xd,0xa,0x20,0x20,0x20,0x20,0x3c,0x2f,0x73,0x63,0x72,
  0x69,0x70,0x74,0x3e,0xd,0xa,0x3c,0x2f,0x62,0x6f,0x64,0x79,0x3e,0xd,0xa,0x3c,
  0x2f,0x68,0x74,0x6d,0x6c,0x3e,0xd,0xa,
  
};

static const unsigned char qt_resource_name[] = {
  // qml
  0x0,0x3,
  0x0,0x0,0x78,0x3c,
  0x0,0x71,
  0x0,0x6d,0x0,0x6c,
    // ForecastCell.qml
  0x0,0x10,
  0xf,0xd,0x5f,0x3c,
  0x0,0x46,
  0x0,0x6f,0x0,0x72,0x0,0x65,0x0,0x63,0x0,0x61,0x0,0x73,0x0,0x74,0x0,0x43,0x0,0x65,0x0,0x6c,0x0,0x6c,0x0,0x2e,0x0,0x71,0x0,0x6d,0x0,0x6c,
    // MainPage.qml
  0x0,0xc,
  0xd,0xa8,0x52,0xfc,
  0x0,0x4d,
  0x0,0x61,0x0,0x69,0x0,0x6e,0x0,0x50,0x0,0x61,0x0,0x67,0x0,0x65,0x0,0x2e,0x0,0x71,0x0,0x6d,0x0,0x6c,
    // MapPage.qml
  0x0,0xb,
  0x7,0x73,0x5e,0xfc,
  0x0,0x4d,
  0x0,0x61,0x0,0x70,0x0,0x50,0x0,0x61,0x0,0x67,0x0,0x65,0x0,0x2e,0x0,0x71,0x0,0x6d,0x0,0x6c,
    // ThemePage.qml
  0x0,0xd,
  0x2,0x10,0x25,0x9c,
  0x0,0x54,
  0x0,0x68,0x0,0x65,0x0,0x6d,0x0,0x65,0x0,0x50,0x0,0x61,0x0,0x67,0x0,0x65,0x0,0x2e,0x0,0x71,0x0,0x6d,0x0,0x6c,
    // WeatherIcon.qml
  0x0,0xf,
  0xb,0x3d,0xaf,0x3c,
  0x0,0x57,
  0x0,0x65,0x0,0x61,0x0,0x74,0x0,0x68,0x0,0x65,0x0,0x72,0x0,0x49,0x0,0x63,0x0,0x6f,0x0,0x6e,0x0,0x2e,0x0,0x71,0x0,0x6d,0x0,0x6c,
    // InfoCard.qml
  0x0,0xc,
  0x2,0x8e,0xf3,0x1c,
  0x0,0x49,
  0x0,0x6e,0x0,0x66,0x0,0x6f,0x0,0x43,0x0,0x61,0x0,0x72,0x0,0x64,0x0,0x2e,0x0,0x71,0x0,0x6d,0x0,0x6c,
    // ThemeManager.qml
  0x0,0x10,
  0xa,0x95,0xe7,0xdc,
  0x0,0x54,
  0x0,0x68,0x0,0x65,0x0,0x6d,0x0,0x65,0x0,0x4d,0x0,0x61,0x0,0x6e,0x0,0x61,0x0,0x67,0x0,0x65,0x0,0x72,0x0,0x2e,0x0,0x71,0x0,0x6d,0x0,0x6c,
    // main.qml
  0x0,0x8,
  0x8,0x1,0x5a,0x5c,
  0x0,0x6d,
  0x0,0x61,0x0,0x69,0x0,0x6e,0x0,0x2e,0x0,0x71,0x0,0x6d,0x0,0x6c,
    // map.html
  0x0,0x8,
  0x8,0x34,0xf5,0x5c,
  0x0,0x6d,
  0x0,0x61,0x0,0x70,0x0,0x2e,0x0,0x68,0x0,0x74,0x0,0x6d,0x0,0x6c,
  
};

static const unsigned char qt_resource_struct[] = {
  // :
  0x0,0x0,0x0,0x0,0x0,0x2,0x0,0x0,0x0,0x1,0x0,0x0,0x0,0x1,
0x0,0x0,0x0,0x0,0x0,0x0,0x0,0x0,
  // :/qml
  0x0,0x0,0x0,0x0,0x0,0x2,0x0,0x0,0x0,0x9,0x0,0x0,0x0,0x2,
0x0,0x0,0x0,0x0,0x0,0x0,0x0,0x0,
  // :/qml/ThemePage.qml
  0x0,0x0,0x0,0x6c,0x0,0x1,0x0,0x0,0x0,0x1,0x0,0x0,0x2c,0x8b,
0x0,0x0,0x1,0x9f,0x4b,0x5a,0x90,0x76,
  // :/qml/InfoCard.qml
  0x0,0x0,0x0,0xb0,0x0,0x0,0x0,0x0,0x0,0x1,0x0,0x0,0x39,0x47,
0x0,0x0,0x1,0x9f,0x5b,0x3d,0xb5,0xcc,
  // :/qml/MapPage.qml
  0x0,0x0,0x0,0x50,0x0,0x1,0x0,0x0,0x0,0x1,0x0,0x0,0x28,0x74,
0x0,0x0,0x1,0x9f,0x5f,0x4d,0x1a,0xd8,
  // :/qml/main.qml
  0x0,0x0,0x0,0xf4,0x0,0x0,0x0,0x0,0x0,0x1,0x0,0x0,0x42,0x39,
0x0,0x0,0x1,0x9f,0x5b,0x47,0xbe,0x43,
  // :/qml/map.html
  0x0,0x0,0x1,0xa,0x0,0x0,0x0,0x0,0x0,0x1,0x0,0x0,0x44,0x99,
0x0,0x0,0x1,0x9f,0x5f,0x4d,0x82,0x76,
  // :/qml/ThemeManager.qml
  0x0,0x0,0x0,0xce,0x0,0x1,0x0,0x0,0x0,0x1,0x0,0x0,0x3d,0xf5,
0x0,0x0,0x1,0x9f,0x4b,0x6b,0xc0,0x44,
  // :/qml/WeatherIcon.qml
  0x0,0x0,0x0,0x8c,0x0,0x1,0x0,0x0,0x0,0x1,0x0,0x0,0x31,0xaf,
0x0,0x0,0x1,0x9f,0x4b,0x36,0xc9,0x44,
  // :/qml/MainPage.qml
  0x0,0x0,0x0,0x32,0x0,0x1,0x0,0x0,0x0,0x1,0x0,0x0,0x1,0xfb,
0x0,0x0,0x1,0x9f,0x5f,0xcd,0x2d,0x9,
  // :/qml/ForecastCell.qml
  0x0,0x0,0x0,0xc,0x0,0x0,0x0,0x0,0x0,0x1,0x0,0x0,0x0,0x0,
0x0,0x0,0x1,0x9f,0x5b,0x3d,0xb6,0x4a,

};

#ifdef QT_NAMESPACE
#  define QT_RCC_PREPEND_NAMESPACE(name) ::QT_NAMESPACE::name
#  define QT_RCC_MANGLE_NAMESPACE0(x) x
#  define QT_RCC_MANGLE_NAMESPACE1(a, b) a##_##b
#  define QT_RCC_MANGLE_NAMESPACE2(a, b) QT_RCC_MANGLE_NAMESPACE1(a,b)
#  define QT_RCC_MANGLE_NAMESPACE(name) QT_RCC_MANGLE_NAMESPACE2( \
        QT_RCC_MANGLE_NAMESPACE0(name), QT_RCC_MANGLE_NAMESPACE0(QT_NAMESPACE))
#else
#   define QT_RCC_PREPEND_NAMESPACE(name) name
#   define QT_RCC_MANGLE_NAMESPACE(name) name
#endif

#if defined(QT_INLINE_NAMESPACE)
inline namespace QT_NAMESPACE {
#elif defined(QT_NAMESPACE)
namespace QT_NAMESPACE {
#endif

bool qRegisterResourceData(int, const unsigned char *, const unsigned char *, const unsigned char *);
bool qUnregisterResourceData(int, const unsigned char *, const unsigned char *, const unsigned char *);

#if defined(__ELF__) || defined(__APPLE__)
static inline unsigned char qResourceFeatureZlib()
{
    extern const unsigned char qt_resourceFeatureZlib;
    return qt_resourceFeatureZlib;
}
#else
unsigned char qResourceFeatureZlib();
#endif

#ifdef QT_NAMESPACE
}
#endif

int QT_RCC_MANGLE_NAMESPACE(qInitResources_qml)();
int QT_RCC_MANGLE_NAMESPACE(qInitResources_qml)()
{
    int version = 3;
    QT_RCC_PREPEND_NAMESPACE(qRegisterResourceData)
        (version, qt_resource_struct, qt_resource_name, qt_resource_data);
    return 1;
}

int QT_RCC_MANGLE_NAMESPACE(qCleanupResources_qml)();
int QT_RCC_MANGLE_NAMESPACE(qCleanupResources_qml)()
{
    int version = 3;
    version += QT_RCC_PREPEND_NAMESPACE(qResourceFeatureZlib());
    QT_RCC_PREPEND_NAMESPACE(qUnregisterResourceData)
       (version, qt_resource_struct, qt_resource_name, qt_resource_data);
    return 1;
}

#ifdef __clang__
#   pragma clang diagnostic push
#   pragma clang diagnostic ignored "-Wexit-time-destructors"
#endif

namespace {
   struct initializer {
       initializer() { QT_RCC_MANGLE_NAMESPACE(qInitResources_qml)(); }
       ~initializer() { QT_RCC_MANGLE_NAMESPACE(qCleanupResources_qml)(); }
   } dummy;
}

#ifdef __clang__
#   pragma clang diagnostic pop
#endif
